"","DiputadoId","NombreId","Periodo","IC_low","Ideologia","IC_high"
"1",807,"Rodrigo Alvarez Zenteno","Periodo_1",0.339877201654959,0.302615204844169,0.265353208033378
"2",807,"Rodrigo Alvarez Zenteno","Periodo_2",0.369343643725506,0.329192689752166,0.289041735778825
"3",807,"Rodrigo Alvarez Zenteno","Periodo_3",NA,NA,NA
"4",807,"Rodrigo Alvarez Zenteno","Periodo_4",NA,NA,NA
"5",807,"Rodrigo Alvarez Zenteno","Periodo_5",NA,NA,NA
"6",807,"Rodrigo Alvarez Zenteno","Periodo_6",NA,NA,NA
"7",810,"Gabriel Ascencio Mansilla","Periodo_1",-0.663165133997651,-0.700427130807257,-0.737689127616862
"8",810,"Gabriel Ascencio Mansilla","Periodo_2",-0.573752569400862,-0.613895103441149,-0.654037637481435
"9",810,"Gabriel Ascencio Mansilla","Periodo_3",-0.327958648366036,-0.298189083432857,-0.268419518499677
"10",810,"Gabriel Ascencio Mansilla","Periodo_4",NA,NA,NA
"11",810,"Gabriel Ascencio Mansilla","Periodo_5",-0.0769254049440539,-0.0474020415769352,-0.0178786782098164
"12",810,"Gabriel Ascencio Mansilla","Periodo_6",NA,NA,NA
"13",813,"Germán Becker Alvear","Periodo_1",-0.0659083401265728,-0.103170336936178,-0.140432333745784
"14",813,"Germán Becker Alvear","Periodo_2",0.253354389239104,0.213211855198817,0.173069321158531
"15",813,"Germán Becker Alvear","Periodo_3",0.931808476618274,0.961578041551567,0.991347606484861
"16",813,"Germán Becker Alvear","Periodo_4",0.0595478938792933,0.0330878195894175,0.00662774529954173
"17",813,"Germán Becker Alvear","Periodo_5",NA,NA,NA
"18",813,"Germán Becker Alvear","Periodo_6",NA,NA,NA
"19",155,"José Antonio Galilea Vidaurre","Periodo_1",0.0471220093650852,0.00985327981741596,-0.0274154497302532
"20",155,"José Antonio Galilea Vidaurre","Periodo_2",NA,NA,NA
"21",155,"José Antonio Galilea Vidaurre","Periodo_3",NA,NA,NA
"22",155,"José Antonio Galilea Vidaurre","Periodo_4",NA,NA,NA
"23",155,"José Antonio Galilea Vidaurre","Periodo_5",NA,NA,NA
"24",155,"José Antonio Galilea Vidaurre","Periodo_6",NA,NA,NA
"25",159,"Rosa González Román","Periodo_1",0.139377320654851,0.102108591107182,0.0648398615595128
"26",159,"Rosa González Román","Periodo_2",NA,NA,NA
"27",159,"Rosa González Román","Periodo_3",NA,NA,NA
"28",159,"Rosa González Román","Periodo_4",NA,NA,NA
"29",159,"Rosa González Román","Periodo_5",NA,NA,NA
"30",159,"Rosa González Román","Periodo_6",NA,NA,NA
"31",855,"Carlos Abel Jarpa Wevar","Periodo_1",-0.702030914635312,-0.739292911444917,-0.776554908254523
"32",855,"Carlos Abel Jarpa Wevar","Periodo_2",-0.679431981859387,-0.719574515899674,-0.75971704993996
"33",855,"Carlos Abel Jarpa Wevar","Periodo_3",-0.383547995244165,-0.353778430310986,-0.324008865377806
"34",855,"Carlos Abel Jarpa Wevar","Periodo_4",-1.01093295228885,-1.03739061626738,-1.06384828024591
"35",855,"Carlos Abel Jarpa Wevar","Periodo_5",-0.00224521878975323,0.0272781445773655,0.0568015079444843
"36",855,"Carlos Abel Jarpa Wevar","Periodo_6",NA,NA,NA
"37",175,"Cristián Leay Morán","Periodo_1",0.258320339811525,0.221051610263856,0.183782880716187
"38",175,"Cristián Leay Morán","Periodo_2",NA,NA,NA
"39",175,"Cristián Leay Morán","Periodo_3",NA,NA,NA
"40",175,"Cristián Leay Morán","Periodo_4",NA,NA,NA
"41",175,"Cristián Leay Morán","Periodo_5",NA,NA,NA
"42",175,"Cristián Leay Morán","Periodo_6",NA,NA,NA
"43",881,"Osvaldo Palma Flores","Periodo_1",-0.0515967168248214,-0.088858713635612,-0.126120710446403
"44",881,"Osvaldo Palma Flores","Periodo_2",0.251278038893974,0.211127084920634,0.170976130947293
"45",881,"Osvaldo Palma Flores","Periodo_3",NA,NA,NA
"46",881,"Osvaldo Palma Flores","Periodo_4",NA,NA,NA
"47",881,"Osvaldo Palma Flores","Periodo_5",NA,NA,NA
"48",881,"Osvaldo Palma Flores","Periodo_6",NA,NA,NA
"49",885,"José Pérez Arriagada","Periodo_1",-0.743380945983616,-0.780642942793221,-0.817904939602827
"50",885,"José Pérez Arriagada","Periodo_2",-0.773671191237787,-0.813813725278074,-0.85395625931836
"51",885,"José Pérez Arriagada","Periodo_3",-0.203413932502654,-0.173644367569475,-0.143874802636296
"52",885,"José Pérez Arriagada","Periodo_4",-0.684922992144869,-0.711380656123397,-0.737838320101925
"53",885,"José Pérez Arriagada","Periodo_5",0.0571520356703502,0.086675399037469,0.116198762404588
"54",885,"José Pérez Arriagada","Periodo_6",NA,NA,NA
"55",886,"Jaime Quintana Leal","Periodo_1",-0.700723875699208,-0.737985872509999,-0.775247869320789
"56",886,"Jaime Quintana Leal","Periodo_2",-0.768879248170604,-0.809030202143944,-0.849181156117285
"57",886,"Jaime Quintana Leal","Periodo_3",NA,NA,NA
"58",886,"Jaime Quintana Leal","Periodo_4",NA,NA,NA
"59",886,"Jaime Quintana Leal","Periodo_5",NA,NA,NA
"60",886,"Jaime Quintana Leal","Periodo_6",NA,NA,NA
"61",894,"Eduardo Saffirio Suárez","Periodo_1",-0.80572163018144,-0.842983626992231,-0.880245623803021
"62",894,"Eduardo Saffirio Suárez","Periodo_2",-0.581031250289029,-0.621182204262369,-0.661333158235709
"63",894,"Eduardo Saffirio Suárez","Periodo_3",NA,NA,NA
"64",894,"Eduardo Saffirio Suárez","Periodo_4",NA,NA,NA
"65",894,"Eduardo Saffirio Suárez","Periodo_5",NA,NA,NA
"66",894,"Eduardo Saffirio Suárez","Periodo_6",NA,NA,NA
"67",897,"Alejandra Sepúlveda Orbenes","Periodo_1",-0.732044044278855,-0.76930604108846,-0.806568037898066
"68",897,"Alejandra Sepúlveda Orbenes","Periodo_2",-0.616496034953533,-0.656638568993819,-0.696781103034105
"69",897,"Alejandra Sepúlveda Orbenes","Periodo_3",0.0260477918967557,0.055817356829935,0.0855869217631143
"70",897,"Alejandra Sepúlveda Orbenes","Periodo_4",-0.92984581986637,-0.956303483844898,-0.982761147823426
"71",897,"Alejandra Sepúlveda Orbenes","Periodo_5",-0.801289224740548,-0.771765861373429,-0.74224249800631
"72",897,"Alejandra Sepúlveda Orbenes","Periodo_6",NA,NA,NA
"73",917,"Gastón Von Mühlenbrock Zamora","Periodo_1",0.291829692043305,0.254570994993807,0.217312297944308
"74",917,"Gastón Von Mühlenbrock Zamora","Periodo_2",0.466864885759826,0.42672235172008,0.386579817680334
"75",917,"Gastón Von Mühlenbrock Zamora","Periodo_3",1.04357183845757,1.07334140339074,1.10311096832391
"76",917,"Gastón Von Mühlenbrock Zamora","Periodo_4",NA,NA,NA
"77",917,"Gastón Von Mühlenbrock Zamora","Periodo_5",1.48865909584794,1.51817911099341,1.54769912613887
"78",917,"Gastón Von Mühlenbrock Zamora","Periodo_6",0.835639207141968,0.811246337717128,0.786853468292288
"79",906,"Jorge Ulloa Aguillón","Periodo_1",0.250271022047246,0.213009025237641,0.175747028428035
"80",906,"Jorge Ulloa Aguillón","Periodo_2",0.313865343336117,0.273722809295831,0.233580275255544
"81",906,"Jorge Ulloa Aguillón","Periodo_3",0.968140883167496,0.997910448100789,1.02768001303408
"82",906,"Jorge Ulloa Aguillón","Periodo_4",0.1414804317617,0.115020357471824,0.0885602831819487
"83",906,"Jorge Ulloa Aguillón","Periodo_5",NA,NA,NA
"84",906,"Jorge Ulloa Aguillón","Periodo_6",NA,NA,NA
"85",910,"Esteban Valenzuela Van Treek","Periodo_1",-0.896203220905101,-0.933465217715892,-0.970727214526682
"86",910,"Esteban Valenzuela Van Treek","Periodo_2",-0.647186540279772,-0.687337494253112,-0.727488448226452
"87",910,"Esteban Valenzuela Van Treek","Periodo_3",NA,NA,NA
"88",910,"Esteban Valenzuela Van Treek","Periodo_4",NA,NA,NA
"89",910,"Esteban Valenzuela Van Treek","Periodo_5",NA,NA,NA
"90",910,"Esteban Valenzuela Van Treek","Periodo_6",NA,NA,NA
"91",239,"Edmundo Villouta Concha","Periodo_1",-0.867467360119729,-0.904736089667398,-0.942004819215068
"92",239,"Edmundo Villouta Concha","Periodo_2",NA,NA,NA
"93",239,"Edmundo Villouta Concha","Periodo_3",NA,NA,NA
"94",239,"Edmundo Villouta Concha","Periodo_4",NA,NA,NA
"95",239,"Edmundo Villouta Concha","Periodo_5",NA,NA,NA
"96",239,"Edmundo Villouta Concha","Periodo_6",NA,NA,NA
"97",812,"Eugenio Bauer Jouanne","Periodo_1",0.34841990822716,0.311157911417554,0.273895914607949
"98",812,"Eugenio Bauer Jouanne","Periodo_2",0.389554632784469,0.349412098743734,0.309269564703
"99",812,"Eugenio Bauer Jouanne","Periodo_3",0.831792278153787,0.861565276857875,0.891338275561962
"100",812,"Eugenio Bauer Jouanne","Periodo_4",NA,NA,NA
"101",812,"Eugenio Bauer Jouanne","Periodo_5",NA,NA,NA
"102",812,"Eugenio Bauer Jouanne","Periodo_6",NA,NA,NA
"103",132,"Francisco Bayo Veloso","Periodo_1",0.00219790668026525,-0.035070822867404,-0.0723395524150732
"104",132,"Francisco Bayo Veloso","Periodo_2",NA,NA,NA
"105",132,"Francisco Bayo Veloso","Periodo_3",NA,NA,NA
"106",132,"Francisco Bayo Veloso","Periodo_4",NA,NA,NA
"107",132,"Francisco Bayo Veloso","Periodo_5",NA,NA,NA
"108",132,"Francisco Bayo Veloso","Periodo_6",NA,NA,NA
"109",814,"Mario Bertolino Rendic","Periodo_1",0.0698742400368291,0.0326122432272236,-0.00464975358238196
"110",814,"Mario Bertolino Rendic","Periodo_2",0.340500299935742,0.300357765895008,0.260215231854273
"111",814,"Mario Bertolino Rendic","Periodo_3",0.715411586267455,0.745184584971543,0.77495758367563
"112",814,"Mario Bertolino Rendic","Periodo_4",NA,NA,NA
"113",814,"Mario Bertolino Rendic","Periodo_5",NA,NA,NA
"114",814,"Mario Bertolino Rendic","Periodo_6",NA,NA,NA
"115",816,"Jorge Burgos Varela","Periodo_1",-0.906654355972404,-0.943916352782009,-0.981178349591615
"116",816,"Jorge Burgos Varela","Periodo_2",-0.52537231053328,-0.565514844574014,-0.605657378614749
"117",816,"Jorge Burgos Varela","Periodo_3",-0.0214960732187375,0.00827692548534986,0.0380499241894372
"118",816,"Jorge Burgos Varela","Periodo_4",NA,NA,NA
"119",816,"Jorge Burgos Varela","Periodo_5",NA,NA,NA
"120",816,"Jorge Burgos Varela","Periodo_6",NA,NA,NA
"121",818,"Alberto Cardemil Herrera","Periodo_1",0.0932314374518096,0.0559694406422041,0.0187074438325986
"122",818,"Alberto Cardemil Herrera","Periodo_2",0.375650677279373,0.335508143238638,0.295365609197904
"123",818,"Alberto Cardemil Herrera","Periodo_3",1.06487589001225,1.09464888871633,1.12442188742042
"124",818,"Alberto Cardemil Herrera","Periodo_4",NA,NA,NA
"125",818,"Alberto Cardemil Herrera","Periodo_5",NA,NA,NA
"126",818,"Alberto Cardemil Herrera","Periodo_6",NA,NA,NA
"127",819,"Guillermo Ceroni Fuentes","Periodo_1",-0.867271356449501,-0.904533353259106,-0.941795350068712
"128",819,"Guillermo Ceroni Fuentes","Periodo_2",-0.878743483079578,-0.918886017119864,-0.95902855116015
"129",819,"Guillermo Ceroni Fuentes","Periodo_3",-0.27607903509855,-0.246309470165256,-0.216539905231963
"130",819,"Guillermo Ceroni Fuentes","Periodo_4",-0.724236109391067,-0.750696183680943,-0.777156257970819
"131",819,"Guillermo Ceroni Fuentes","Periodo_5",NA,NA,NA
"132",819,"Guillermo Ceroni Fuentes","Periodo_6",NA,NA,NA
"133",823,"Marcela Cubillos Sigall","Periodo_1",0.256025757538506,0.218763760727716,0.181501763916925
"134",823,"Marcela Cubillos Sigall","Periodo_2",0.290161609412046,0.250010655438705,0.209859701465365
"135",823,"Marcela Cubillos Sigall","Periodo_3",NA,NA,NA
"136",823,"Marcela Cubillos Sigall","Periodo_4",NA,NA,NA
"137",823,"Marcela Cubillos Sigall","Periodo_5",NA,NA,NA
"138",823,"Marcela Cubillos Sigall","Periodo_6",NA,NA,NA
"139",825,"Roberto Delmastro Naso","Periodo_1",0.0658928708618847,0.0286308740522792,-0.00863112275732636
"140",825,"Roberto Delmastro Naso","Periodo_2",0.220665737123341,0.180523203082607,0.140380669041872
"141",825,"Roberto Delmastro Naso","Periodo_3",0.563524125669734,0.593297124373822,0.623070123077909
"142",825,"Roberto Delmastro Naso","Periodo_4",NA,NA,NA
"143",825,"Roberto Delmastro Naso","Periodo_5",NA,NA,NA
"144",825,"Roberto Delmastro Naso","Periodo_6",NA,NA,NA
"145",830,"Andrés Egaña Respaldiza","Periodo_1",0.321025620332847,0.283763623522057,0.246501626711266
"146",830,"Andrés Egaña Respaldiza","Periodo_2",0.491030851754465,0.450879897781125,0.410728943807785
"147",830,"Andrés Egaña Respaldiza","Periodo_3",NA,NA,NA
"148",830,"Andrés Egaña Respaldiza","Periodo_4",NA,NA,NA
"149",830,"Andrés Egaña Respaldiza","Periodo_5",NA,NA,NA
"150",830,"Andrés Egaña Respaldiza","Periodo_6",NA,NA,NA
"151",832,"Francisco Encina Moriamez","Periodo_1",-0.825180362120666,-0.862442358931456,-0.899704355742247
"152",832,"Francisco Encina Moriamez","Periodo_2",-1.06287534521284,-1.10302629918618,-1.14317725315952
"153",832,"Francisco Encina Moriamez","Periodo_3",NA,NA,NA
"154",832,"Francisco Encina Moriamez","Periodo_4",NA,NA,NA
"155",832,"Francisco Encina Moriamez","Periodo_5",NA,NA,NA
"156",832,"Francisco Encina Moriamez","Periodo_6",NA,NA,NA
"157",151,"Mario Escobar Urbina","Periodo_1",-0.0383004173189158,-0.075569146866585,-0.112837876414254
"158",151,"Mario Escobar Urbina","Periodo_2",NA,NA,NA
"159",151,"Mario Escobar Urbina","Periodo_3",NA,NA,NA
"160",151,"Mario Escobar Urbina","Periodo_4",NA,NA,NA
"161",151,"Mario Escobar Urbina","Periodo_5",NA,NA,NA
"162",151,"Mario Escobar Urbina","Periodo_6",NA,NA,NA
"163",848,"Rodrigo González Torres","Periodo_1",-0.743588923183957,-0.780850919993563,-0.818112916803168
"164",848,"Rodrigo González Torres","Periodo_2",-0.580698405265429,-0.620840939305715,-0.660983473346002
"165",848,"Rodrigo González Torres","Periodo_3",-0.373487874887752,-0.343718309954573,-0.313948745021394
"166",848,"Rodrigo González Torres","Periodo_4",-0.809629291626055,-0.836086955604582,-0.86254461958311
"167",848,"Rodrigo González Torres","Periodo_5",-0.663612699178591,-0.634089335811472,-0.604565972444353
"168",848,"Rodrigo González Torres","Periodo_6",NA,NA,NA
"169",161,"María Pía Guzmán Mena","Periodo_1",-0.0133471295020358,-0.050615859049705,-0.0878845885973742
"170",161,"María Pía Guzmán Mena","Periodo_2",NA,NA,NA
"171",161,"María Pía Guzmán Mena","Periodo_3",NA,NA,NA
"172",161,"María Pía Guzmán Mena","Periodo_4",NA,NA,NA
"173",161,"María Pía Guzmán Mena","Periodo_5",NA,NA,NA
"174",161,"María Pía Guzmán Mena","Periodo_6",NA,NA,NA
"175",850,"Javier Hernández Hernández","Periodo_1",0.294359976897917,0.257097980088312,0.219835983278706
"176",850,"Javier Hernández Hernández","Periodo_2",0.395537606949155,0.355395072908868,0.315252538868582
"177",850,"Javier Hernández Hernández","Periodo_3",1.01979799179206,1.04956755672524,1.07933712165842
"178",850,"Javier Hernández Hernández","Periodo_4",-0.0100649174328405,-0.0365225814113684,-0.0629802453898963
"179",850,"Javier Hernández Hernández","Periodo_5",0.964257679567712,0.993781042934831,1.02330440630195
"180",850,"Javier Hernández Hernández","Periodo_6",NA,NA,NA
"181",165,"Gonzalo Ibáñez Santa María","Periodo_1",0.304246570330273,0.266977840782604,0.229709111234935
"182",165,"Gonzalo Ibáñez Santa María","Periodo_2",NA,NA,NA
"183",165,"Gonzalo Ibáñez Santa María","Periodo_3",NA,NA,NA
"184",165,"Gonzalo Ibáñez Santa María","Periodo_4",NA,NA,NA
"185",165,"Gonzalo Ibáñez Santa María","Periodo_5",NA,NA,NA
"186",165,"Gonzalo Ibáñez Santa María","Periodo_6",NA,NA,NA
"187",854,"Enrique Jaramillo Becker","Periodo_1",-1.0186048125666,-1.0558668093762,-1.09312880618581
"188",854,"Enrique Jaramillo Becker","Periodo_2",-0.971360114959588,-1.01150264899987,-1.05164518304016
"189",854,"Enrique Jaramillo Becker","Periodo_3",-0.270861496681333,-0.24109193174804,-0.211322366814747
"190",854,"Enrique Jaramillo Becker","Periodo_4",-0.74405694572432,-0.770517020014196,-0.796977094304072
"191",854,"Enrique Jaramillo Becker","Periodo_5",NA,NA,NA
"192",854,"Enrique Jaramillo Becker","Periodo_6",NA,NA,NA
"193",169,"Víctor Jeame Barrueto","Periodo_1",-0.6098446667747,-0.647113396322369,-0.684382125870039
"194",169,"Víctor Jeame Barrueto","Periodo_2",NA,NA,NA
"195",169,"Víctor Jeame Barrueto","Periodo_3",NA,NA,NA
"196",169,"Víctor Jeame Barrueto","Periodo_4",NA,NA,NA
"197",169,"Víctor Jeame Barrueto","Periodo_5",NA,NA,NA
"198",169,"Víctor Jeame Barrueto","Periodo_6",NA,NA,NA
"199",172,"Carlos Kuschel Silva","Periodo_1",0.12601001074016,0.0887480139305545,0.0514860171209489
"200",172,"Carlos Kuschel Silva","Periodo_2",NA,NA,NA
"201",172,"Carlos Kuschel Silva","Periodo_3",NA,NA,NA
"202",172,"Carlos Kuschel Silva","Periodo_4",NA,NA,NA
"203",172,"Carlos Kuschel Silva","Periodo_5",1.30097376303477,1.33049712640189,1.36002048976901
"204",172,"Carlos Kuschel Silva","Periodo_6",NA,NA,NA
"205",178,"Arturo Longton Guerrero","Periodo_1",-0.0769050672286189,-0.114173796776288,-0.151442526323957
"206",178,"Arturo Longton Guerrero","Periodo_2",NA,NA,NA
"207",178,"Arturo Longton Guerrero","Periodo_3",NA,NA,NA
"208",178,"Arturo Longton Guerrero","Periodo_4",NA,NA,NA
"209",178,"Arturo Longton Guerrero","Periodo_5",NA,NA,NA
"210",178,"Arturo Longton Guerrero","Periodo_6",NA,NA,NA
"211",181,"Zarko Luksic Sandoval","Periodo_1",-0.695261588092814,-0.732530317640483,-0.769799047188153
"212",181,"Zarko Luksic Sandoval","Periodo_2",NA,NA,NA
"213",181,"Zarko Luksic Sandoval","Periodo_3",NA,NA,NA
"214",181,"Zarko Luksic Sandoval","Periodo_4",NA,NA,NA
"215",181,"Zarko Luksic Sandoval","Periodo_5",NA,NA,NA
"216",181,"Zarko Luksic Sandoval","Periodo_6",NA,NA,NA
"217",863,"Rosauro Martínez Labbé","Periodo_1",0.0881335426960923,0.0508715458864868,0.0136095490768813
"218",863,"Rosauro Martínez Labbé","Periodo_2",0.245435995263627,0.205293461223341,0.165150927183054
"219",863,"Rosauro Martínez Labbé","Periodo_3",0.756970140148471,0.786739705081764,0.816509270015057
"220",863,"Rosauro Martínez Labbé","Periodo_4",-0.0576917952337783,-0.0841518695236541,-0.11061194381353
"221",863,"Rosauro Martínez Labbé","Periodo_5",NA,NA,NA
"222",863,"Rosauro Martínez Labbé","Periodo_6",NA,NA,NA
"223",185,"María Eugenia Mella Gajardo","Periodo_1",-0.916197046577368,-0.953465776125037,-0.990734505672706
"224",185,"María Eugenia Mella Gajardo","Periodo_2",NA,NA,NA
"225",185,"María Eugenia Mella Gajardo","Periodo_3",NA,NA,NA
"226",185,"María Eugenia Mella Gajardo","Periodo_4",NA,NA,NA
"227",185,"María Eugenia Mella Gajardo","Periodo_5",NA,NA,NA
"228",185,"María Eugenia Mella Gajardo","Periodo_6",NA,NA,NA
"229",870,"Carlos Montes Cisternas","Periodo_1",-0.903548160610226,-0.940810157419831,-0.978072154229437
"230",870,"Carlos Montes Cisternas","Periodo_2",-0.917468813862513,-0.957611347903247,-0.997753881943982
"231",870,"Carlos Montes Cisternas","Periodo_3",-0.312251123342339,-0.282478124638252,-0.252705125934164
"232",870,"Carlos Montes Cisternas","Periodo_4",NA,NA,NA
"233",870,"Carlos Montes Cisternas","Periodo_5",NA,NA,NA
"234",870,"Carlos Montes Cisternas","Periodo_6",NA,NA,NA
"235",190,"Waldo Mora Longa","Periodo_1",-0.472769963854834,-0.510038693402503,-0.547307422950172
"236",190,"Waldo Mora Longa","Periodo_2",NA,NA,NA
"237",190,"Waldo Mora Longa","Periodo_3",NA,NA,NA
"238",190,"Waldo Mora Longa","Periodo_4",NA,NA,NA
"239",190,"Waldo Mora Longa","Periodo_5",NA,NA,NA
"240",190,"Waldo Mora Longa","Periodo_6",NA,NA,NA
"241",871,"Iván Moreira Barros","Periodo_1",0.132376615403729,0.0951146185941239,0.0578526217845184
"242",871,"Iván Moreira Barros","Periodo_2",0.182430396976006,0.142287862935272,0.102145328894537
"243",871,"Iván Moreira Barros","Periodo_3",0.874925338891121,0.904698337595208,0.934471336299295
"244",871,"Iván Moreira Barros","Periodo_4",NA,NA,NA
"245",871,"Iván Moreira Barros","Periodo_5",NA,NA,NA
"246",871,"Iván Moreira Barros","Periodo_6",NA,NA,NA
"247",193,"Pedro Muñoz Aburto","Periodo_1",-0.838916382734056,-0.876185112281725,-0.913453841829394
"248",193,"Pedro Muñoz Aburto","Periodo_2",NA,NA,NA
"249",193,"Pedro Muñoz Aburto","Periodo_3",NA,NA,NA
"250",193,"Pedro Muñoz Aburto","Periodo_4",NA,NA,NA
"251",193,"Pedro Muñoz Aburto","Periodo_5",NA,NA,NA
"252",193,"Pedro Muñoz Aburto","Periodo_6",NA,NA,NA
"253",877,"Sergio Ojeda Uribe","Periodo_1",-1.21778734951626,-1.25504934632587,-1.29231134313547
"254",877,"Sergio Ojeda Uribe","Periodo_2",-0.939821247136245,-0.979963781176531,-1.02010631521682
"255",877,"Sergio Ojeda Uribe","Periodo_3",-0.408865340783932,-0.379095775850639,-0.349326210917345
"256",877,"Sergio Ojeda Uribe","Periodo_4",-1.43763628178554,-1.46409635607541,-1.49055643036529
"257",877,"Sergio Ojeda Uribe","Periodo_5",NA,NA,NA
"258",877,"Sergio Ojeda Uribe","Periodo_6",NA,NA,NA
"259",878,"Carlos Olivares Zepeda","Periodo_1",-0.905977876515603,-0.943239873326394,-0.980501870137185
"260",878,"Carlos Olivares Zepeda","Periodo_2",-0.626081052823431,-0.666232006796772,-0.706382960770112
"261",878,"Carlos Olivares Zepeda","Periodo_3",NA,NA,NA
"262",878,"Carlos Olivares Zepeda","Periodo_4",NA,NA,NA
"263",878,"Carlos Olivares Zepeda","Periodo_5",NA,NA,NA
"264",878,"Carlos Olivares Zepeda","Periodo_6",NA,NA,NA
"265",879,"José Miguel Ortiz Novoa","Periodo_1",-1.30048825827518,-1.33775025508479,-1.37501225189439
"266",879,"José Miguel Ortiz Novoa","Periodo_2",-0.962189696523855,-1.00233223056414,-1.04247476460443
"267",879,"José Miguel Ortiz Novoa","Periodo_3",-0.169614351340866,-0.139844786407687,-0.110075221474507
"268",879,"José Miguel Ortiz Novoa","Periodo_4",-1.19124138608088,-1.2176990500594,-1.24415671403793
"269",879,"José Miguel Ortiz Novoa","Periodo_5",0.229424712848608,0.258948076215726,0.288471439582845
"270",879,"José Miguel Ortiz Novoa","Periodo_6",NA,NA,NA
"271",206,"Ramón Pérez Opazo","Periodo_1",0.285897568193213,0.248628838645544,0.211360109097874
"272",206,"Ramón Pérez Opazo","Periodo_2",NA,NA,NA
"273",206,"Ramón Pérez Opazo","Periodo_3",NA,NA,NA
"274",206,"Ramón Pérez Opazo","Periodo_4",NA,NA,NA
"275",206,"Ramón Pérez Opazo","Periodo_5",NA,NA,NA
"276",206,"Ramón Pérez Opazo","Periodo_6",NA,NA,NA
"277",921,"Lily Pérez San Martín","Periodo_1",-0.0408244877850141,-0.0780864845958047,-0.115348481406595
"278",921,"Lily Pérez San Martín","Periodo_2",-0.0753859140397933,-0.115536868013134,-0.155687821986474
"279",921,"Lily Pérez San Martín","Periodo_3",NA,NA,NA
"280",921,"Lily Pérez San Martín","Periodo_4",NA,NA,NA
"281",921,"Lily Pérez San Martín","Periodo_5",NA,NA,NA
"282",921,"Lily Pérez San Martín","Periodo_6",NA,NA,NA
"283",209,"Pablo Prieto Lorca","Periodo_1",0.354287321323377,0.317018591775707,0.279749862228038
"284",209,"Pablo Prieto Lorca","Periodo_2",NA,NA,NA
"285",209,"Pablo Prieto Lorca","Periodo_3",NA,NA,NA
"286",209,"Pablo Prieto Lorca","Periodo_4",NA,NA,NA
"287",209,"Pablo Prieto Lorca","Periodo_5",0.944916276363225,0.974441313917482,1.00396635147174
"288",209,"Pablo Prieto Lorca","Periodo_6",NA,NA,NA
"289",887,"Carlos Recondo Lavanderos","Periodo_1",0.34217261791583,0.304910621106225,0.267648624296619
"290",887,"Carlos Recondo Lavanderos","Periodo_2",0.481936285204782,0.441793751164047,0.401651217123313
"291",887,"Carlos Recondo Lavanderos","Periodo_3",1.17566933710779,1.20544233581188,1.23521533451596
"292",887,"Carlos Recondo Lavanderos","Periodo_4",NA,NA,NA
"293",887,"Carlos Recondo Lavanderos","Periodo_5",NA,NA,NA
"294",887,"Carlos Recondo Lavanderos","Periodo_6",NA,NA,NA
"295",213,"Edgardo Riveros Marín","Periodo_1",-0.951052228286587,-0.988320957834256,-1.02558968738193
"296",213,"Edgardo Riveros Marín","Periodo_2",NA,NA,NA
"297",213,"Edgardo Riveros Marín","Periodo_3",NA,NA,NA
"298",213,"Edgardo Riveros Marín","Periodo_4",NA,NA,NA
"299",213,"Edgardo Riveros Marín","Periodo_5",NA,NA,NA
"300",213,"Edgardo Riveros Marín","Periodo_6",NA,NA,NA
"301",892,"María Antonieta Saa Díaz","Periodo_1",-0.989793662749845,-1.02705565955945,-1.06431765636906
"302",892,"María Antonieta Saa Díaz","Periodo_2",-0.795341737466872,-0.835484271507606,-0.875626805548341
"303",892,"María Antonieta Saa Díaz","Periodo_3",-0.371911654761221,-0.342138656057134,-0.312365657353046
"304",892,"María Antonieta Saa Díaz","Periodo_4",NA,NA,NA
"305",892,"María Antonieta Saa Díaz","Periodo_5",NA,NA,NA
"306",892,"María Antonieta Saa Díaz","Periodo_6",NA,NA,NA
"307",895,"Felipe Salaberry Soto","Periodo_1",0.275609328043787,0.238347331234181,0.201085334424575
"308",895,"Felipe Salaberry Soto","Periodo_2",0.241702497986896,0.201559963946161,0.161417429905427
"309",895,"Felipe Salaberry Soto","Periodo_3",0.675784429515218,0.705557428219305,0.735330426923392
"310",895,"Felipe Salaberry Soto","Periodo_4",NA,NA,NA
"311",895,"Felipe Salaberry Soto","Periodo_5",NA,NA,NA
"312",895,"Felipe Salaberry Soto","Periodo_6",NA,NA,NA
"313",220,"Edmundo Salas De La Fuente","Periodo_1",-0.854294915192425,-0.891563644740095,-0.928832374287764
"314",220,"Edmundo Salas De La Fuente","Periodo_2",NA,NA,NA
"315",220,"Edmundo Salas De La Fuente","Periodo_3",NA,NA,NA
"316",220,"Edmundo Salas De La Fuente","Periodo_4",NA,NA,NA
"317",220,"Edmundo Salas De La Fuente","Periodo_5",NA,NA,NA
"318",220,"Edmundo Salas De La Fuente","Periodo_6",NA,NA,NA
"319",899,"Laura Soto González","Periodo_1",-0.827369876481894,-0.864631873292684,-0.901893870103475
"320",899,"Laura Soto González","Periodo_2",-0.548527600394019,-0.588678554367359,-0.6288295083407
"321",899,"Laura Soto González","Periodo_3",NA,NA,NA
"322",899,"Laura Soto González","Periodo_4",NA,NA,NA
"323",899,"Laura Soto González","Periodo_5",NA,NA,NA
"324",899,"Laura Soto González","Periodo_6",NA,NA,NA
"325",903,"Carolina Tohá Morales","Periodo_1",-0.845010509466073,-0.882272506276863,-0.919534503087654
"326",903,"Carolina Tohá Morales","Periodo_2",-0.644287269580412,-0.684438223553753,-0.724589177527093
"327",903,"Carolina Tohá Morales","Periodo_3",NA,NA,NA
"328",903,"Carolina Tohá Morales","Periodo_4",NA,NA,NA
"329",903,"Carolina Tohá Morales","Periodo_5",NA,NA,NA
"330",903,"Carolina Tohá Morales","Periodo_6",NA,NA,NA
"331",904,"Eugenio Tuma Zedan","Periodo_1",-0.739242796672678,-0.776504793483468,-0.813766790294259
"332",904,"Eugenio Tuma Zedan","Periodo_2",-0.692874536409035,-0.733025490382376,-0.773176444355716
"333",904,"Eugenio Tuma Zedan","Periodo_3",NA,NA,NA
"334",904,"Eugenio Tuma Zedan","Periodo_4",NA,NA,NA
"335",904,"Eugenio Tuma Zedan","Periodo_5",NA,NA,NA
"336",904,"Eugenio Tuma Zedan","Periodo_6",NA,NA,NA
"337",907,"Gonzalo Uriarte Herrera","Periodo_1",0.28671037156688,0.249448374757274,0.212186377947669
"338",907,"Gonzalo Uriarte Herrera","Periodo_2",0.430744926678919,0.390602392638184,0.35045985859745
"339",907,"Gonzalo Uriarte Herrera","Periodo_3",0.187433455850593,0.217206454554681,0.246979453258768
"340",907,"Gonzalo Uriarte Herrera","Periodo_4",NA,NA,NA
"341",907,"Gonzalo Uriarte Herrera","Periodo_5",NA,NA,NA
"342",907,"Gonzalo Uriarte Herrera","Periodo_6",NA,NA,NA
"343",908,"Ignacio Urrutia Bonilla","Periodo_1",0.486580945254592,0.449318948444986,0.412056951635381
"344",908,"Ignacio Urrutia Bonilla","Periodo_2",0.272110374842186,0.231967840801899,0.191825306761613
"345",908,"Ignacio Urrutia Bonilla","Periodo_3",0.846918678102438,0.876688243035617,0.906457807968796
"346",908,"Ignacio Urrutia Bonilla","Periodo_4",0.139513313370417,0.113055649391889,0.0865979854133615
"347",908,"Ignacio Urrutia Bonilla","Periodo_5",0.820253615959517,0.849776979326636,0.879300342693755
"348",908,"Ignacio Urrutia Bonilla","Periodo_6",NA,NA,NA
"349",912,"Alfonso Vargas Lyng","Periodo_1",0.0274463396533946,-0.00981565715739599,-0.0470776539681865
"350",912,"Alfonso Vargas Lyng","Periodo_2",0.174218766643097,0.134067812669756,0.0939168586964161
"351",912,"Alfonso Vargas Lyng","Periodo_3",NA,NA,NA
"352",912,"Alfonso Vargas Lyng","Periodo_4",NA,NA,NA
"353",912,"Alfonso Vargas Lyng","Periodo_5",NA,NA,NA
"354",912,"Alfonso Vargas Lyng","Periodo_6",NA,NA,NA
"355",916,"Ximena Vidal Lázaro","Periodo_1",-0.772399070379023,-0.809661067188629,-0.846923063998234
"356",916,"Ximena Vidal Lázaro","Periodo_2",-0.959630095948687,-0.999772629989421,-1.03991516403016
"357",916,"Ximena Vidal Lázaro","Periodo_3",-0.193892488754832,-0.164119490050745,-0.134346491346657
"358",916,"Ximena Vidal Lázaro","Periodo_4",NA,NA,NA
"359",916,"Ximena Vidal Lázaro","Periodo_5",NA,NA,NA
"360",916,"Ximena Vidal Lázaro","Periodo_6",NA,NA,NA
"361",962,"Carlos Vilches Guzmán","Periodo_1",-0.0257992371504461,-0.0630612339600516,-0.100323230769657
"362",962,"Carlos Vilches Guzmán","Periodo_2",NA,NA,NA
"363",962,"Carlos Vilches Guzmán","Periodo_3",0.970084311924457,0.999857310628544,1.02963030933263
"364",962,"Carlos Vilches Guzmán","Periodo_4",NA,NA,NA
"365",962,"Carlos Vilches Guzmán","Periodo_5",NA,NA,NA
"366",962,"Carlos Vilches Guzmán","Periodo_6",NA,NA,NA
"367",918,"Patricio Walker Prieto","Periodo_1",-0.662686151937049,-0.699948148747839,-0.73721014555863
"368",918,"Patricio Walker Prieto","Periodo_2",-0.502476122139656,-0.542627076112997,-0.582778030086337
"369",918,"Patricio Walker Prieto","Periodo_3",NA,NA,NA
"370",918,"Patricio Walker Prieto","Periodo_4",NA,NA,NA
"371",918,"Patricio Walker Prieto","Periodo_5",NA,NA,NA
"372",918,"Patricio Walker Prieto","Periodo_6",NA,NA,NA
"373",804,"Isabel Allende Bussi","Periodo_1",-0.810929968898774,-0.848191965709565,-0.885453962520356
"374",804,"Isabel Allende Bussi","Periodo_2",-0.545605453929256,-0.585756407902596,-0.625907361875936
"375",804,"Isabel Allende Bussi","Periodo_3",NA,NA,NA
"376",804,"Isabel Allende Bussi","Periodo_4",NA,NA,NA
"377",804,"Isabel Allende Bussi","Periodo_5",NA,NA,NA
"378",804,"Isabel Allende Bussi","Periodo_6",NA,NA,NA
"379",808,"Pedro Araya Guerrero","Periodo_1",-0.709386974362949,-0.746648971172555,-0.78391096798216
"380",808,"Pedro Araya Guerrero","Periodo_2",-0.617652413671704,-0.657794947712439,-0.697937481753173
"381",808,"Pedro Araya Guerrero","Periodo_3",0.0855204369730547,0.115293435677142,0.145066434381229
"382",808,"Pedro Araya Guerrero","Periodo_4",NA,NA,NA
"383",808,"Pedro Araya Guerrero","Periodo_5",NA,NA,NA
"384",808,"Pedro Araya Guerrero","Periodo_6",NA,NA,NA
"385",800,"Enrique Accorsi Opazo","Periodo_1",-0.819919632193286,-0.857181629002892,-0.894443625812497
"386",800,"Enrique Accorsi Opazo","Periodo_2",-0.851054142723113,-0.891196676763847,-0.931339210804582
"387",800,"Enrique Accorsi Opazo","Periodo_3",-0.235383872708738,-0.205610874004651,-0.175837875300564
"388",800,"Enrique Accorsi Opazo","Periodo_4",NA,NA,NA
"389",800,"Enrique Accorsi Opazo","Periodo_5",NA,NA,NA
"390",800,"Enrique Accorsi Opazo","Periodo_6",NA,NA,NA
"391",802,"Sergio Aguiló Melo","Periodo_1",-0.798581809609506,-0.835843806419112,-0.873105803228717
"392",802,"Sergio Aguiló Melo","Periodo_2",-0.666316208807757,-0.706458742848043,-0.74660127688833
"393",802,"Sergio Aguiló Melo","Periodo_3",-0.362005026863226,-0.332235461929932,-0.302465896996639
"394",802,"Sergio Aguiló Melo","Periodo_4",-0.838692501441381,-0.865152575731257,-0.891612650021133
"395",802,"Sergio Aguiló Melo","Periodo_5",NA,NA,NA
"396",802,"Sergio Aguiló Melo","Periodo_6",NA,NA,NA
"397",806,"Pedro Pablo Alvarez-Salamanca Büchi","Periodo_1",0.0128478537507999,-0.0244141430599907,-0.0616761398707812
"398",806,"Pedro Pablo Alvarez-Salamanca Büchi","Periodo_2",-0.0156778242368897,-0.0558287782102301,-0.0959797321835705
"399",806,"Pedro Pablo Alvarez-Salamanca Büchi","Periodo_3",NA,NA,NA
"400",806,"Pedro Pablo Alvarez-Salamanca Büchi","Periodo_4",NA,NA,NA
"401",806,"Pedro Pablo Alvarez-Salamanca Büchi","Periodo_5",NA,NA,NA
"402",806,"Pedro Pablo Alvarez-Salamanca Büchi","Periodo_6",NA,NA,NA
"403",811,"Ramón Barros Montero","Periodo_1",0.336821552460782,0.299559555651176,0.262297558841571
"404",811,"Ramón Barros Montero","Periodo_2",0.42450751429263,0.384364980252343,0.344222446212057
"405",811,"Ramón Barros Montero","Periodo_3",0.750618003321977,0.780387568255156,0.810157133188335
"406",811,"Ramón Barros Montero","Periodo_4",0.0806852516430347,0.0542275876645068,0.0277699236859789
"407",811,"Ramón Barros Montero","Periodo_5",1.19067514199234,1.22019850535946,1.24972186872658
"408",811,"Ramón Barros Montero","Periodo_6",NA,NA,NA
"409",842,"Pablo Galilea Carrillo","Periodo_1",0.0710720330486325,0.033810036237842,-0.00345196057294857
"410",842,"Pablo Galilea Carrillo","Periodo_2",0.274710842416806,0.234559888443465,0.194408934470125
"411",842,"Pablo Galilea Carrillo","Periodo_3",NA,NA,NA
"412",842,"Pablo Galilea Carrillo","Periodo_4",NA,NA,NA
"413",842,"Pablo Galilea Carrillo","Periodo_5",NA,NA,NA
"414",842,"Pablo Galilea Carrillo","Periodo_6",NA,NA,NA
"415",821,"Sergio Correa De la Cerda","Periodo_1",0.301371182435952,0.264109185625161,0.22684718881437
"416",821,"Sergio Correa De la Cerda","Periodo_2",0.400822299253422,0.360671345280082,0.320520391306741
"417",821,"Sergio Correa De la Cerda","Periodo_3",NA,NA,NA
"418",821,"Sergio Correa De la Cerda","Periodo_4",NA,NA,NA
"419",821,"Sergio Correa De la Cerda","Periodo_5",NA,NA,NA
"420",821,"Sergio Correa De la Cerda","Periodo_6",NA,NA,NA
"421",164,"Carlos Hidalgo González","Periodo_1",0.00812874662204689,-0.0291399829256223,-0.0664087124732915
"422",164,"Carlos Hidalgo González","Periodo_2",NA,NA,NA
"423",164,"Carlos Hidalgo González","Periodo_3",NA,NA,NA
"424",164,"Carlos Hidalgo González","Periodo_4",NA,NA,NA
"425",164,"Carlos Hidalgo González","Periodo_5",NA,NA,NA
"426",164,"Carlos Hidalgo González","Periodo_6",NA,NA,NA
"427",857,"José Antonio Kast Rist","Periodo_1",0.373271148715449,0.336009151905844,0.298747155096238
"428",857,"José Antonio Kast Rist","Periodo_2",0.352067839454124,0.311925305413838,0.271782771373552
"429",857,"José Antonio Kast Rist","Periodo_3",1.18538878799696,1.21515835293025,1.24492791786354
"430",857,"José Antonio Kast Rist","Periodo_4",0.194324491848079,0.167864417558203,0.141404343268327
"431",857,"José Antonio Kast Rist","Periodo_5",NA,NA,NA
"432",857,"José Antonio Kast Rist","Periodo_6",NA,NA,NA
"433",187,"Darío Molina Sanhueza","Periodo_1",0.100457485636,0.0631887560883311,0.0259200265406619
"434",187,"Darío Molina Sanhueza","Periodo_2",NA,NA,NA
"435",187,"Darío Molina Sanhueza","Periodo_3",NA,NA,NA
"436",187,"Darío Molina Sanhueza","Periodo_4",NA,NA,NA
"437",187,"Darío Molina Sanhueza","Periodo_5",NA,NA,NA
"438",187,"Darío Molina Sanhueza","Periodo_6",NA,NA,NA
"439",914,"Samuel Venegas Rubio","Periodo_1",-0.708836014307805,-0.746098011118595,-0.783360007929386
"440",914,"Samuel Venegas Rubio","Periodo_2",-0.512088386510553,-0.552239340483893,-0.592390294457233
"441",914,"Samuel Venegas Rubio","Periodo_3",NA,NA,NA
"442",914,"Samuel Venegas Rubio","Periodo_4",NA,NA,NA
"443",914,"Samuel Venegas Rubio","Periodo_5",NA,NA,NA
"444",914,"Samuel Venegas Rubio","Periodo_6",NA,NA,NA
"445",817,"Juan Bustos Ramírez","Periodo_1",-0.807581752230604,-0.844843749041394,-0.882105745852185
"446",817,"Juan Bustos Ramírez","Periodo_2",-0.404501561957544,-0.444652515930885,-0.484803469904225
"447",817,"Juan Bustos Ramírez","Periodo_3",NA,NA,NA
"448",817,"Juan Bustos Ramírez","Periodo_4",NA,NA,NA
"449",817,"Juan Bustos Ramírez","Periodo_5",NA,NA,NA
"450",817,"Juan Bustos Ramírez","Periodo_6",NA,NA,NA
"451",137,"Eliana Caraball Martínez","Periodo_1",-0.754194268002123,-0.791462997549792,-0.828731727097461
"452",137,"Eliana Caraball Martínez","Periodo_2",NA,NA,NA
"453",137,"Eliana Caraball Martínez","Periodo_3",NA,NA,NA
"454",137,"Eliana Caraball Martínez","Periodo_4",NA,NA,NA
"455",137,"Eliana Caraball Martínez","Periodo_5",NA,NA,NA
"456",137,"Eliana Caraball Martínez","Periodo_6",NA,NA,NA
"457",822,"María Angélica Cristi Marfil","Periodo_1",0.232866426933326,0.195604430123721,0.158342433314115
"458",822,"María Angélica Cristi Marfil","Periodo_2",0.324606292070782,0.284463758030048,0.244321223989313
"459",822,"María Angélica Cristi Marfil","Periodo_3",0.777362854494454,0.807135853198541,0.836908851902629
"460",822,"María Angélica Cristi Marfil","Periodo_4",NA,NA,NA
"461",822,"María Angélica Cristi Marfil","Periodo_5",NA,NA,NA
"462",822,"María Angélica Cristi Marfil","Periodo_6",NA,NA,NA
"463",828,"Julio Dittborn Cordua","Periodo_1",0.304068076197722,0.266806079386932,0.229544082576141
"464",828,"Julio Dittborn Cordua","Periodo_2",0.332022170400178,0.291871216426837,0.251720262453497
"465",828,"Julio Dittborn Cordua","Periodo_3",NA,NA,NA
"466",828,"Julio Dittborn Cordua","Periodo_4",NA,NA,NA
"467",828,"Julio Dittborn Cordua","Periodo_5",NA,NA,NA
"468",828,"Julio Dittborn Cordua","Periodo_6",NA,NA,NA
"469",837,"Fidel Espinoza Sandoval","Periodo_1",-0.723492522829757,-0.760754519639363,-0.798016516448968
"470",837,"Fidel Espinoza Sandoval","Periodo_2",-0.74257413764957,-0.782716671689857,-0.822859205730143
"471",837,"Fidel Espinoza Sandoval","Periodo_3",-0.339696304714609,-0.30992673978143,-0.280157174848251
"472",837,"Fidel Espinoza Sandoval","Periodo_4",-0.80743977607779,-0.833897440056318,-0.860355104034846
"473",837,"Fidel Espinoza Sandoval","Periodo_5",-0.240161354263402,-0.210637990896283,-0.181114627529164
"474",837,"Fidel Espinoza Sandoval","Periodo_6",NA,NA,NA
"475",840,"Marcelo Forni Lobos","Periodo_1",0.257354476347929,0.220092479537139,0.182830482726348
"476",840,"Marcelo Forni Lobos","Periodo_2",0.242504253065229,0.202353299091888,0.162202345118548
"477",840,"Marcelo Forni Lobos","Periodo_3",NA,NA,NA
"478",840,"Marcelo Forni Lobos","Periodo_4",NA,NA,NA
"479",840,"Marcelo Forni Lobos","Periodo_5",NA,NA,NA
"480",840,"Marcelo Forni Lobos","Periodo_6",NA,NA,NA
"481",859,"Antonio Leal Labrín","Periodo_1",-0.965523195766019,-1.00278519257681,-1.0400471893876
"482",859,"Antonio Leal Labrín","Periodo_2",-0.980054475355636,-1.02020542932898,-1.06035638330232
"483",859,"Antonio Leal Labrín","Periodo_3",NA,NA,NA
"484",859,"Antonio Leal Labrín","Periodo_4",NA,NA,NA
"485",859,"Antonio Leal Labrín","Periodo_5",NA,NA,NA
"486",859,"Antonio Leal Labrín","Periodo_6",NA,NA,NA
"487",882,"Iván Paredes Fierro","Periodo_1",-0.78845841467128,-0.82572041148207,-0.862982408292861
"488",882,"Iván Paredes Fierro","Periodo_2",-0.485453405518425,-0.525604359491766,-0.565755313465106
"489",882,"Iván Paredes Fierro","Periodo_3",NA,NA,NA
"490",882,"Iván Paredes Fierro","Periodo_4",NA,NA,NA
"491",882,"Iván Paredes Fierro","Periodo_5",NA,NA,NA
"492",882,"Iván Paredes Fierro","Periodo_6",NA,NA,NA
"493",202,"Cristián Pareto Vergara","Periodo_1",-0.0924097332152659,-0.129678462762935,-0.166947192310604
"494",202,"Cristián Pareto Vergara","Periodo_2",NA,NA,NA
"495",202,"Cristián Pareto Vergara","Periodo_3",NA,NA,NA
"496",202,"Cristián Pareto Vergara","Periodo_4",NA,NA,NA
"497",202,"Cristián Pareto Vergara","Periodo_5",NA,NA,NA
"498",202,"Cristián Pareto Vergara","Periodo_6",NA,NA,NA
"499",884,"Darío Paya Mira","Periodo_1",0.22870743705694,0.191445440246149,0.154183443435358
"500",884,"Darío Paya Mira","Periodo_2",0.300863252779019,0.260712298805679,0.220561344832339
"501",884,"Darío Paya Mira","Periodo_3",NA,NA,NA
"502",884,"Darío Paya Mira","Periodo_4",NA,NA,NA
"503",884,"Darío Paya Mira","Periodo_5",NA,NA,NA
"504",884,"Darío Paya Mira","Periodo_6",NA,NA,NA
"505",208,"Víctor Pérez Varela","Periodo_1",0.311805699448907,0.274536969901238,0.237268240353569
"506",208,"Víctor Pérez Varela","Periodo_2",NA,NA,NA
"507",208,"Víctor Pérez Varela","Periodo_3",NA,NA,NA
"508",208,"Víctor Pérez Varela","Periodo_4",NA,NA,NA
"509",208,"Víctor Pérez Varela","Periodo_5",NA,NA,NA
"510",208,"Víctor Pérez Varela","Periodo_6",NA,NA,NA
"511",221,"Leopoldo Sánchez Grunert","Periodo_1",-0.651217636785437,-0.688486366333106,-0.725755095880776
"512",221,"Leopoldo Sánchez Grunert","Periodo_2",NA,NA,NA
"513",221,"Leopoldo Sánchez Grunert","Periodo_3",NA,NA,NA
"514",221,"Leopoldo Sánchez Grunert","Periodo_4",NA,NA,NA
"515",221,"Leopoldo Sánchez Grunert","Periodo_5",NA,NA,NA
"516",221,"Leopoldo Sánchez Grunert","Periodo_6",NA,NA,NA
"517",224,"Exequiel Silva Ortiz","Periodo_1",-0.839106872292806,-0.876375601840476,-0.913644331388145
"518",224,"Exequiel Silva Ortiz","Periodo_2",NA,NA,NA
"519",224,"Exequiel Silva Ortiz","Periodo_3",NA,NA,NA
"520",224,"Exequiel Silva Ortiz","Periodo_4",NA,NA,NA
"521",224,"Exequiel Silva Ortiz","Periodo_5",NA,NA,NA
"522",224,"Exequiel Silva Ortiz","Periodo_6",NA,NA,NA
"523",226,"Boris Tapia Martínez","Periodo_1",-0.863612220276707,-0.900880949824376,-0.938149679372045
"524",226,"Boris Tapia Martínez","Periodo_2",NA,NA,NA
"525",226,"Boris Tapia Martínez","Periodo_3",NA,NA,NA
"526",226,"Boris Tapia Martínez","Periodo_4",NA,NA,NA
"527",226,"Boris Tapia Martínez","Periodo_5",NA,NA,NA
"528",226,"Boris Tapia Martínez","Periodo_6",NA,NA,NA
"529",805,"Claudio Alvarado Andrade","Periodo_1",0.226713445603685,0.189451448792894,0.152189451982104
"530",805,"Claudio Alvarado Andrade","Periodo_2",0.396637142141411,0.35648618816807,0.31633523419473
"531",805,"Claudio Alvarado Andrade","Periodo_3",NA,NA,NA
"532",805,"Claudio Alvarado Andrade","Periodo_4",NA,NA,NA
"533",805,"Claudio Alvarado Andrade","Periodo_5",NA,NA,NA
"534",805,"Claudio Alvarado Andrade","Periodo_6",NA,NA,NA
"535",875,"Iván Norambuena Farías","Periodo_1",0.416108605469292,0.378846608659687,0.341584611850081
"536",875,"Iván Norambuena Farías","Periodo_2",0.393616474455798,0.353473940415512,0.313331406375225
"537",875,"Iván Norambuena Farías","Periodo_3",0.808603875942926,0.838373440876106,0.868143005809285
"538",875,"Iván Norambuena Farías","Periodo_4",0.111067976629972,0.0846103126514444,0.0581526486729165
"539",875,"Iván Norambuena Farías","Periodo_5",0.815037253899067,0.844560617266186,0.874083980633305
"540",875,"Iván Norambuena Farías","Periodo_6",NA,NA,NA
"541",234,"Mario Varela Herrera","Periodo_1",0.248962458649635,0.211693729101966,0.174424999554297
"542",234,"Mario Varela Herrera","Periodo_2",NA,NA,NA
"543",234,"Mario Varela Herrera","Periodo_3",NA,NA,NA
"544",234,"Mario Varela Herrera","Periodo_4",NA,NA,NA
"545",234,"Mario Varela Herrera","Periodo_5",NA,NA,NA
"546",234,"Mario Varela Herrera","Periodo_6",NA,NA,NA
"547",140,"Patricio Cornejo Vidaurrázaga","Periodo_1",-0.641919100839548,-0.679187830387217,-0.716456559934886
"548",140,"Patricio Cornejo Vidaurrázaga","Periodo_2",NA,NA,NA
"549",140,"Patricio Cornejo Vidaurrázaga","Periodo_3",NA,NA,NA
"550",140,"Patricio Cornejo Vidaurrázaga","Periodo_4",NA,NA,NA
"551",140,"Patricio Cornejo Vidaurrázaga","Periodo_5",NA,NA,NA
"552",140,"Patricio Cornejo Vidaurrázaga","Periodo_6",NA,NA,NA
"553",176,"Juan Pablo Letelier Morel","Periodo_1",-0.378787864318967,-0.416056593866636,-0.453325323414305
"554",176,"Juan Pablo Letelier Morel","Periodo_2",NA,NA,NA
"555",176,"Juan Pablo Letelier Morel","Periodo_3",NA,NA,NA
"556",176,"Juan Pablo Letelier Morel","Periodo_4",NA,NA,NA
"557",176,"Juan Pablo Letelier Morel","Periodo_5",NA,NA,NA
"558",176,"Juan Pablo Letelier Morel","Periodo_6",NA,NA,NA
"559",862,"Pablo Lorenzini Basso","Periodo_1",-0.509130293137449,-0.546392289947054,-0.58365428675666
"560",862,"Pablo Lorenzini Basso","Periodo_2",-0.508772938709655,-0.548915472749942,-0.589058006790228
"561",862,"Pablo Lorenzini Basso","Periodo_3",-0.271224175956157,-0.241454611022977,-0.211685046089798
"562",862,"Pablo Lorenzini Basso","Periodo_4",-0.543271299198886,-0.569728963177414,-0.596186627155942
"563",862,"Pablo Lorenzini Basso","Periodo_5",0.267973961395361,0.297497324762479,0.327020688129598
"564",862,"Pablo Lorenzini Basso","Periodo_6",NA,NA,NA
"565",873,"Adriana Muñoz D'Albora","Periodo_1",-0.868163176170853,-0.905425172980459,-0.942687169790064
"566",873,"Adriana Muñoz D'Albora","Periodo_2",-1.03932253461669,-1.07946506865742,-1.11960760269816
"567",873,"Adriana Muñoz D'Albora","Periodo_3",-0.457398070172095,-0.427625071468008,-0.39785207276392
"568",873,"Adriana Muñoz D'Albora","Periodo_4",NA,NA,NA
"569",873,"Adriana Muñoz D'Albora","Periodo_5",NA,NA,NA
"570",873,"Adriana Muñoz D'Albora","Periodo_6",NA,NA,NA
"571",195,"Alejandro Navarro Brain","Periodo_1",-0.598704973587718,-0.635973703135387,-0.673242432683056
"572",195,"Alejandro Navarro Brain","Periodo_2",NA,NA,NA
"573",195,"Alejandro Navarro Brain","Periodo_3",NA,NA,NA
"574",195,"Alejandro Navarro Brain","Periodo_4",NA,NA,NA
"575",195,"Alejandro Navarro Brain","Periodo_5",NA,NA,NA
"576",195,"Alejandro Navarro Brain","Periodo_6",NA,NA,NA
"577",889,"Manuel Rojas Molina","Periodo_1",0.217991040890824,0.180729044081218,0.143467047271613
"578",889,"Manuel Rojas Molina","Periodo_2",0.302954479440921,0.262811945400187,0.222669411359452
"579",889,"Manuel Rojas Molina","Periodo_3",0.847966168569914,0.877739167274002,0.907512165978089
"580",889,"Manuel Rojas Molina","Periodo_4",NA,NA,NA
"581",889,"Manuel Rojas Molina","Periodo_5",NA,NA,NA
"582",889,"Manuel Rojas Molina","Periodo_6",NA,NA,NA
"583",222,"Rodolfo Seguel Molina","Periodo_1",-0.84495668681547,-0.88222541636314,-0.919494145910809
"584",222,"Rodolfo Seguel Molina","Periodo_2",NA,NA,NA
"585",222,"Rodolfo Seguel Molina","Periodo_3",NA,NA,NA
"586",222,"Rodolfo Seguel Molina","Periodo_4",NA,NA,NA
"587",222,"Rodolfo Seguel Molina","Periodo_5",NA,NA,NA
"588",222,"Rodolfo Seguel Molina","Periodo_6",NA,NA,NA
"589",826,"Eduardo Díaz Del Río","Periodo_1",-0.0262327372417526,-0.0634947340525431,-0.100756730863334
"590",826,"Eduardo Díaz Del Río","Periodo_2",-0.376493161588848,-0.416644115562188,-0.456795069535529
"591",826,"Eduardo Díaz Del Río","Periodo_3",NA,NA,NA
"592",826,"Eduardo Díaz Del Río","Periodo_4",NA,NA,NA
"593",826,"Eduardo Díaz Del Río","Periodo_5",NA,NA,NA
"594",826,"Eduardo Díaz Del Río","Periodo_6",NA,NA,NA
"595",864,"Juan Masferrer Pellizzari","Periodo_1",0.207561362993558,0.170299366182767,0.133037369371976
"596",864,"Juan Masferrer Pellizzari","Periodo_2",0.236255518403732,0.196104564430392,0.155953610457051
"597",864,"Juan Masferrer Pellizzari","Periodo_3",NA,NA,NA
"598",864,"Juan Masferrer Pellizzari","Periodo_4",NA,NA,NA
"599",864,"Juan Masferrer Pellizzari","Periodo_5",NA,NA,NA
"600",864,"Juan Masferrer Pellizzari","Periodo_6",NA,NA,NA
"601",888,"Alberto Robles Pantoja","Periodo_1",-0.946733533280269,-0.983995530089875,-1.02125752689948
"602",888,"Alberto Robles Pantoja","Periodo_2",-0.81518916689021,-0.855331700930496,-0.895474234970783
"603",888,"Alberto Robles Pantoja","Periodo_3",-0.409424386010861,-0.379654821077567,-0.349885256144274
"604",888,"Alberto Robles Pantoja","Periodo_4",-0.922725248175781,-0.949185322465657,-0.975645396755533
"605",888,"Alberto Robles Pantoja","Periodo_5",NA,NA,NA
"606",888,"Alberto Robles Pantoja","Periodo_6",NA,NA,NA
"607",834,"Maximiano Errázuriz Eguiguren","Periodo_1",0.0981009941313064,0.0608389973205159,0.0235770005097253
"608",834,"Maximiano Errázuriz Eguiguren","Periodo_2",0.13480159563827,0.0946506416649292,0.0544996876915888
"609",834,"Maximiano Errázuriz Eguiguren","Periodo_3",NA,NA,NA
"610",834,"Maximiano Errázuriz Eguiguren","Periodo_4",NA,NA,NA
"611",834,"Maximiano Errázuriz Eguiguren","Periodo_5",NA,NA,NA
"612",834,"Maximiano Errázuriz Eguiguren","Periodo_6",NA,NA,NA
"613",844,"Alejandro García-Huidobro Sanfuentes","Periodo_1",0.324806030367661,0.287544033558055,0.25028203674845
"614",844,"Alejandro García-Huidobro Sanfuentes","Periodo_2",0.363929498602641,0.323786964561907,0.283644430521172
"615",844,"Alejandro García-Huidobro Sanfuentes","Periodo_3",0.221849958606529,0.251622957310616,0.281395956014703
"616",844,"Alejandro García-Huidobro Sanfuentes","Periodo_4",NA,NA,NA
"617",844,"Alejandro García-Huidobro Sanfuentes","Periodo_5",NA,NA,NA
"618",844,"Alejandro García-Huidobro Sanfuentes","Periodo_6",NA,NA,NA
"619",158,"Guido Girardi Lavín","Periodo_1",-0.507944403088057,-0.545213132635726,-0.582481862183395
"620",158,"Guido Girardi Lavín","Periodo_2",NA,NA,NA
"621",158,"Guido Girardi Lavín","Periodo_3",NA,NA,NA
"622",158,"Guido Girardi Lavín","Periodo_4",NA,NA,NA
"623",158,"Guido Girardi Lavín","Periodo_5",NA,NA,NA
"624",158,"Guido Girardi Lavín","Periodo_6",NA,NA,NA
"625",173,"Eduardo Lagos Herrera","Periodo_1",-0.0861541152027028,-0.123422844750372,-0.160691574298041
"626",173,"Eduardo Lagos Herrera","Periodo_2",NA,NA,NA
"627",173,"Eduardo Lagos Herrera","Periodo_3",NA,NA,NA
"628",173,"Eduardo Lagos Herrera","Periodo_4",NA,NA,NA
"629",173,"Eduardo Lagos Herrera","Periodo_5",NA,NA,NA
"630",173,"Eduardo Lagos Herrera","Periodo_6",NA,NA,NA
"631",177,"Felipe Letelier Norambuena","Periodo_1",-0.600644360533535,-0.637906357343141,-0.675168354152746
"632",177,"Felipe Letelier Norambuena","Periodo_2",NA,NA,NA
"633",177,"Felipe Letelier Norambuena","Periodo_3",NA,NA,NA
"634",177,"Felipe Letelier Norambuena","Periodo_4",-0.84773564325248,-0.874195717542356,-0.900655791832232
"635",177,"Felipe Letelier Norambuena","Periodo_5",NA,NA,NA
"636",177,"Felipe Letelier Norambuena","Periodo_6",NA,NA,NA
"637",868,"Nicolás Monckeberg Díaz","Periodo_1",0.168977993447813,0.131715996638208,0.0944539998286021
"638",868,"Nicolás Monckeberg Díaz","Periodo_2",0.156954972957345,0.116812438917058,0.0766699048767718
"639",868,"Nicolás Monckeberg Díaz","Periodo_3",0.864225492300565,0.893995057233858,0.923764622167152
"640",868,"Nicolás Monckeberg Díaz","Periodo_4",0.126861231296938,0.100401157007062,0.0739410827171863
"641",868,"Nicolás Monckeberg Díaz","Periodo_5",NA,NA,NA
"642",868,"Nicolás Monckeberg Díaz","Periodo_6",NA,NA,NA
"643",890,"Fulvio Rossi Ciocca","Periodo_1",-0.797703558954439,-0.83496555576523,-0.87222755257602
"644",890,"Fulvio Rossi Ciocca","Periodo_2",-0.556838841740656,-0.596989795713996,-0.637140749687337
"645",890,"Fulvio Rossi Ciocca","Periodo_3",NA,NA,NA
"646",890,"Fulvio Rossi Ciocca","Periodo_4",NA,NA,NA
"647",890,"Fulvio Rossi Ciocca","Periodo_5",NA,NA,NA
"648",890,"Fulvio Rossi Ciocca","Periodo_6",NA,NA,NA
"649",150,"Camilo Escalona Medina","Periodo_1",-0.898717011498931,-0.9359857410466,-0.973254470594269
"650",150,"Camilo Escalona Medina","Periodo_2",NA,NA,NA
"651",150,"Camilo Escalona Medina","Periodo_3",NA,NA,NA
"652",150,"Camilo Escalona Medina","Periodo_4",NA,NA,NA
"653",150,"Camilo Escalona Medina","Periodo_5",NA,NA,NA
"654",150,"Camilo Escalona Medina","Periodo_6",NA,NA,NA
"655",179,"Pablo Longueira Montes","Periodo_1",0.113757859881131,0.0764891303334616,0.0392204007857924
"656",179,"Pablo Longueira Montes","Periodo_2",NA,NA,NA
"657",179,"Pablo Longueira Montes","Periodo_3",NA,NA,NA
"658",179,"Pablo Longueira Montes","Periodo_4",NA,NA,NA
"659",179,"Pablo Longueira Montes","Periodo_5",NA,NA,NA
"660",179,"Pablo Longueira Montes","Periodo_6",NA,NA,NA
"661",902,"Jorge Tarud Daccarett","Periodo_1",-0.671445309980308,-0.708707306789914,-0.745969303599519
"662",902,"Jorge Tarud Daccarett","Periodo_2",-0.738523645627335,-0.778666179667621,-0.818808713707907
"663",902,"Jorge Tarud Daccarett","Periodo_3",-0.183882400921732,-0.154112835988439,-0.124343271055145
"664",902,"Jorge Tarud Daccarett","Periodo_4",-0.741467344834492,-0.767927419124368,-0.794387493414244
"665",902,"Jorge Tarud Daccarett","Periodo_5",NA,NA,NA
"666",902,"Jorge Tarud Daccarett","Periodo_6",NA,NA,NA
"667",849,"Patricio Hales Dib","Periodo_1",-0.604716075096494,-0.641978071906099,-0.679240068715705
"668",849,"Patricio Hales Dib","Periodo_2",-0.483373755580815,-0.52351628962155,-0.563658823662284
"669",849,"Patricio Hales Dib","Periodo_3",-0.218502355816398,-0.188729357112311,-0.158956358408224
"670",849,"Patricio Hales Dib","Periodo_4",NA,NA,NA
"671",849,"Patricio Hales Dib","Periodo_5",NA,NA,NA
"672",849,"Patricio Hales Dib","Periodo_6",NA,NA,NA
"673",166,"Carmen Ibáñez Soto","Periodo_1",-0.0530742362026814,-0.0903429657503506,-0.12761169529802
"674",166,"Carmen Ibáñez Soto","Periodo_2",NA,NA,NA
"675",166,"Carmen Ibáñez Soto","Periodo_3",NA,NA,NA
"676",166,"Carmen Ibáñez Soto","Periodo_4",NA,NA,NA
"677",166,"Carmen Ibáñez Soto","Periodo_5",NA,NA,NA
"678",166,"Carmen Ibáñez Soto","Periodo_6",NA,NA,NA
"679",865,"Patricio Melero Abaroa","Periodo_1",0.20563445050684,0.168372453697235,0.131110456887629
"680",865,"Patricio Melero Abaroa","Periodo_2",0.475077611773799,0.434935077733513,0.394792543693226
"681",865,"Patricio Melero Abaroa","Periodo_3",1.31429105128581,1.34406061621899,1.37383018115217
"682",865,"Patricio Melero Abaroa","Periodo_4",0.130892193927927,0.104434529949399,0.0779768659708712
"683",865,"Patricio Melero Abaroa","Periodo_5",0.944700421092483,0.974223784459602,1.00374714782672
"684",865,"Patricio Melero Abaroa","Periodo_6",NA,NA,NA
"685",866,"Fernando Meza Moncada","Periodo_1",-0.544717658036267,-0.581979654845873,-0.619241651655479
"686",866,"Fernando Meza Moncada","Periodo_2",-0.680018500565694,-0.72016103460598,-0.760303568646267
"687",866,"Fernando Meza Moncada","Periodo_3",-0.0246751532182296,0.00509441171494965,0.0348639766481289
"688",866,"Fernando Meza Moncada","Periodo_4",-0.593197491685812,-0.61965515566434,-0.646112819642868
"689",866,"Fernando Meza Moncada","Periodo_5",0.18877389128986,0.218297254656979,0.247820618024098
"690",866,"Fernando Meza Moncada","Periodo_6",NA,NA,NA
"691",205,"Aníbal Pérez Lobos","Periodo_1",-0.686361274872998,-0.723630004420668,-0.760898733968337
"692",205,"Aníbal Pérez Lobos","Periodo_2",NA,NA,NA
"693",205,"Aníbal Pérez Lobos","Periodo_3",NA,NA,NA
"694",205,"Aníbal Pérez Lobos","Periodo_4",NA,NA,NA
"695",205,"Aníbal Pérez Lobos","Periodo_5",NA,NA,NA
"696",205,"Aníbal Pérez Lobos","Periodo_6",NA,NA,NA
"697",843,"René Manuel García García","Periodo_1",0.0999277563321291,0.0626657595225235,0.025403762712918
"698",843,"René Manuel García García","Periodo_2",0.118188001018931,0.0780454669786446,0.0379029329383582
"699",843,"René Manuel García García","Periodo_3",0.644172145002894,0.673941709936073,0.703711274869252
"700",843,"René Manuel García García","Periodo_4",0.000561385305803234,-0.0258962786727247,-0.0523539426512526
"701",843,"René Manuel García García","Periodo_5",0.993518662619064,1.02304202598618,1.0525653893533
"702",843,"René Manuel García García","Periodo_6",NA,NA,NA
"703",872,"Jaime Mulet Martínez","Periodo_1",-0.40049685567799,-0.437758852487595,-0.475020849297201
"704",872,"Jaime Mulet Martínez","Periodo_2",-0.386136265671694,-0.42627879971198,-0.466421333752267
"705",872,"Jaime Mulet Martínez","Periodo_3",NA,NA,NA
"706",872,"Jaime Mulet Martínez","Periodo_4",NA,NA,NA
"707",872,"Jaime Mulet Martínez","Periodo_5",-0.333828251348567,-0.304308236203103,-0.27478822105764
"708",872,"Jaime Mulet Martínez","Periodo_6",-0.622244825947615,-0.646637695372455,-0.671030564797295
"709",211,"Víctor Manuel Rebolledo González","Periodo_1",-0.0672430397346782,-0.104511769282347,-0.141780498830017
"710",211,"Víctor Manuel Rebolledo González","Periodo_2",NA,NA,NA
"711",211,"Víctor Manuel Rebolledo González","Periodo_3",NA,NA,NA
"712",211,"Víctor Manuel Rebolledo González","Periodo_4",NA,NA,NA
"713",211,"Víctor Manuel Rebolledo González","Periodo_5",NA,NA,NA
"714",211,"Víctor Manuel Rebolledo González","Periodo_6",NA,NA,NA
"715",170,"Jaime Jiménez Villavicencio","Periodo_1",-0.093245901337994,-0.130514630885663,-0.167783360433332
"716",170,"Jaime Jiménez Villavicencio","Periodo_2",NA,NA,NA
"717",170,"Jaime Jiménez Villavicencio","Periodo_3",NA,NA,NA
"718",170,"Jaime Jiménez Villavicencio","Periodo_4",NA,NA,NA
"719",170,"Jaime Jiménez Villavicencio","Periodo_5",NA,NA,NA
"720",170,"Jaime Jiménez Villavicencio","Periodo_6",NA,NA,NA
"721",242,"Néstor Jofré Núñez","Periodo_1",-0.0600004728334463,-0.0972692023811155,-0.134537931928785
"722",242,"Néstor Jofré Núñez","Periodo_2",NA,NA,NA
"723",242,"Néstor Jofré Núñez","Periodo_3",NA,NA,NA
"724",242,"Néstor Jofré Núñez","Periodo_4",NA,NA,NA
"725",242,"Néstor Jofré Núñez","Periodo_5",NA,NA,NA
"726",242,"Néstor Jofré Núñez","Periodo_6",NA,NA,NA
"727",801,"René Aedo Ormeño","Periodo_1",NA,NA,NA
"728",801,"René Aedo Ormeño","Periodo_2",0.133397770162062,0.0932426063086229,0.053087442455184
"729",801,"René Aedo Ormeño","Periodo_3",NA,NA,NA
"730",801,"René Aedo Ormeño","Periodo_4",NA,NA,NA
"731",801,"René Aedo Ormeño","Periodo_5",NA,NA,NA
"732",801,"René Aedo Ormeño","Periodo_6",NA,NA,NA
"733",824,"Alfonso De Urresti Longton","Periodo_1",NA,NA,NA
"734",824,"Alfonso De Urresti Longton","Periodo_2",-0.943403011784154,-0.983549753056742,-1.02369649432933
"735",824,"Alfonso De Urresti Longton","Periodo_3",-0.578591614506246,-0.548818615801858,-0.519045617097469
"736",824,"Alfonso De Urresti Longton","Periodo_4",NA,NA,NA
"737",824,"Alfonso De Urresti Longton","Periodo_5",NA,NA,NA
"738",824,"Alfonso De Urresti Longton","Periodo_6",NA,NA,NA
"739",852,"Jorge Insunza Gregorio de las Heras","Periodo_1",NA,NA,NA
"740",852,"Jorge Insunza Gregorio de las Heras","Periodo_2",-1.06262460662083,-1.10277134789297,-1.14291808916511
"741",852,"Jorge Insunza Gregorio de las Heras","Periodo_3",NA,NA,NA
"742",852,"Jorge Insunza Gregorio de las Heras","Periodo_4",-0.216550651989853,-0.243010726279729,-0.269470800569605
"743",852,"Jorge Insunza Gregorio de las Heras","Periodo_5",NA,NA,NA
"744",852,"Jorge Insunza Gregorio de las Heras","Periodo_6",NA,NA,NA
"745",867,"Cristián Monckeberg Bruner","Periodo_1",NA,NA,NA
"746",867,"Cristián Monckeberg Bruner","Periodo_2",0.163178941801194,0.123032200529054,0.082885459256914
"747",867,"Cristián Monckeberg Bruner","Periodo_3",0.905482071221163,0.935251636154758,0.965021201088352
"748",867,"Cristián Monckeberg Bruner","Periodo_4",0.10987802354106,0.083417949251184,0.0569578749613081
"749",867,"Cristián Monckeberg Bruner","Periodo_5",NA,NA,NA
"750",867,"Cristián Monckeberg Bruner","Periodo_6",NA,NA,NA
"751",891,"Karla Rubilar Barahona","Periodo_1",NA,NA,NA
"752",891,"Karla Rubilar Barahona","Periodo_2",0.127816864658074,0.0876701233859337,0.0475233821137939
"753",891,"Karla Rubilar Barahona","Periodo_3",0.441514473320588,0.471284038254182,0.501053603187776
"754",891,"Karla Rubilar Barahona","Periodo_4",-0.169144275838976,-0.195604350128852,-0.222064424418728
"755",891,"Karla Rubilar Barahona","Periodo_5",NA,NA,NA
"756",891,"Karla Rubilar Barahona","Periodo_6",NA,NA,NA
"757",909,"Ximena Valcarce Becerra","Periodo_1",NA,NA,NA
"758",909,"Ximena Valcarce Becerra","Periodo_2",0.122092146129131,0.0819369822756923,0.0417818184222535
"759",909,"Ximena Valcarce Becerra","Periodo_3",NA,NA,NA
"760",909,"Ximena Valcarce Becerra","Periodo_4",NA,NA,NA
"761",909,"Ximena Valcarce Becerra","Periodo_5",NA,NA,NA
"762",909,"Ximena Valcarce Becerra","Periodo_6",NA,NA,NA
"763",803,"René Alinco Bustos","Periodo_1",NA,NA,NA
"764",803,"René Alinco Bustos","Periodo_2",-0.592656537269771,-0.632803278541911,-0.672950019814051
"765",803,"René Alinco Bustos","Periodo_3",-0.225192422553661,-0.195422857620181,-0.1656532926867
"766",803,"René Alinco Bustos","Periodo_4",NA,NA,NA
"767",803,"René Alinco Bustos","Periodo_5",-0.0877343354450066,-0.058214320299543,-0.0286943051540795
"768",803,"René Alinco Bustos","Periodo_6",-0.704729450482363,-0.729122319907203,-0.753515189332043
"769",820,"Francisco Chahuán Chahuán","Periodo_1",NA,NA,NA
"770",820,"Francisco Chahuán Chahuán","Periodo_2",0.171682933414965,0.131527769561526,0.0913726057080871
"771",820,"Francisco Chahuán Chahuán","Periodo_3",NA,NA,NA
"772",820,"Francisco Chahuán Chahuán","Periodo_4",NA,NA,NA
"773",820,"Francisco Chahuán Chahuán","Periodo_5",NA,NA,NA
"774",820,"Francisco Chahuán Chahuán","Periodo_6",NA,NA,NA
"775",829,"Gonzalo Duarte Leiva","Periodo_1",NA,NA,NA
"776",829,"Gonzalo Duarte Leiva","Periodo_2",-0.907409329793616,-0.947564493647055,-0.987719657500494
"777",829,"Gonzalo Duarte Leiva","Periodo_3",NA,NA,NA
"778",829,"Gonzalo Duarte Leiva","Periodo_4",NA,NA,NA
"779",829,"Gonzalo Duarte Leiva","Periodo_5",NA,NA,NA
"780",829,"Gonzalo Duarte Leiva","Periodo_6",NA,NA,NA
"781",835,"Alvaro Escobar Rufatt","Periodo_1",NA,NA,NA
"782",835,"Alvaro Escobar Rufatt","Periodo_2",-0.419131960442301,-0.45928712429574,-0.499442288149179
"783",835,"Alvaro Escobar Rufatt","Periodo_3",NA,NA,NA
"784",835,"Alvaro Escobar Rufatt","Periodo_4",NA,NA,NA
"785",835,"Alvaro Escobar Rufatt","Periodo_5",NA,NA,NA
"786",835,"Alvaro Escobar Rufatt","Periodo_6",NA,NA,NA
"787",839,"Ramón Farías Ponce","Periodo_1",NA,NA,NA
"788",839,"Ramón Farías Ponce","Periodo_2",-0.965425739062011,-1.00557248033415,-1.04571922160629
"789",839,"Ramón Farías Ponce","Periodo_3",-0.325546893101687,-0.295777328168093,-0.266007763234499
"790",839,"Ramón Farías Ponce","Periodo_4",-0.742084210653378,-0.768544284943254,-0.79500435923313
"791",839,"Ramón Farías Ponce","Periodo_5",NA,NA,NA
"792",839,"Ramón Farías Ponce","Periodo_6",NA,NA,NA
"793",845,"Guido Girardi Briere","Periodo_1",NA,NA,NA
"794",845,"Guido Girardi Briere","Periodo_2",-0.639603924181656,-0.679759088035094,-0.719914251888533
"795",845,"Guido Girardi Briere","Periodo_3",NA,NA,NA
"796",845,"Guido Girardi Briere","Periodo_4",NA,NA,NA
"797",845,"Guido Girardi Briere","Periodo_5",NA,NA,NA
"798",845,"Guido Girardi Briere","Periodo_6",NA,NA,NA
"799",856,"Tucapel Jiménez Fuentes","Periodo_1",NA,NA,NA
"800",856,"Tucapel Jiménez Fuentes","Periodo_2",-1.05498519771999,-1.09513193899213,-1.13527868026427
"801",856,"Tucapel Jiménez Fuentes","Periodo_3",-0.368275191261938,-0.338505626328458,-0.308736061394978
"802",856,"Tucapel Jiménez Fuentes","Periodo_4",-0.866341030340662,-0.89279869431919,-0.919256358297718
"803",856,"Tucapel Jiménez Fuentes","Periodo_5",-0.412094308378722,-0.382570945011603,-0.353047581644485
"804",856,"Tucapel Jiménez Fuentes","Periodo_6",NA,NA,NA
"805",861,"Juan Lobos Krause","Periodo_1",NA,NA,NA
"806",861,"Juan Lobos Krause","Periodo_2",0.354511017185357,0.314364275912769,0.274217534640182
"807",861,"Juan Lobos Krause","Periodo_3",0.174169358456978,0.203942357161366,0.233715355865754
"808",861,"Juan Lobos Krause","Periodo_4",NA,NA,NA
"809",861,"Juan Lobos Krause","Periodo_5",NA,NA,NA
"810",861,"Juan Lobos Krause","Periodo_6",NA,NA,NA
"811",874,"Claudia Nogueira Fernández","Periodo_1",NA,NA,NA
"812",874,"Claudia Nogueira Fernández","Periodo_2",0.349610084824763,0.309463343552623,0.269316602280483
"813",874,"Claudia Nogueira Fernández","Periodo_3",1.00709139881817,1.03686096375176,1.06663052868536
"814",874,"Claudia Nogueira Fernández","Periodo_4",0.106942818805334,0.0804827445154579,0.054022670225582
"815",874,"Claudia Nogueira Fernández","Periodo_5",NA,NA,NA
"816",874,"Claudia Nogueira Fernández","Periodo_6",NA,NA,NA
"817",896,"Roberto Sepúlveda Hermosilla","Periodo_1",NA,NA,NA
"818",896,"Roberto Sepúlveda Hermosilla","Periodo_2",0.214813486707792,0.174658322854353,0.134503159000914
"819",896,"Roberto Sepúlveda Hermosilla","Periodo_3",NA,NA,NA
"820",896,"Roberto Sepúlveda Hermosilla","Periodo_4",NA,NA,NA
"821",896,"Roberto Sepúlveda Hermosilla","Periodo_5",NA,NA,NA
"822",896,"Roberto Sepúlveda Hermosilla","Periodo_6",NA,NA,NA
"823",901,"Raúl Sunico Galdames","Periodo_1",NA,NA,NA
"824",901,"Raúl Sunico Galdames","Periodo_2",-1.05433662661634,-1.09449179046978,-1.13464695432321
"825",901,"Raúl Sunico Galdames","Periodo_3",NA,NA,NA
"826",901,"Raúl Sunico Galdames","Periodo_4",NA,NA,NA
"827",901,"Raúl Sunico Galdames","Periodo_5",NA,NA,NA
"828",901,"Raúl Sunico Galdames","Periodo_6",NA,NA,NA
"829",911,"Patricio Vallespín López","Periodo_1",NA,NA,NA
"830",911,"Patricio Vallespín López","Periodo_2",-0.781690275304931,-0.821837016577071,-0.861983757849211
"831",911,"Patricio Vallespín López","Periodo_3",-0.120974278422509,-0.0912047134889145,-0.0614351485553202
"832",911,"Patricio Vallespín López","Periodo_4",-0.771101380910021,-0.797561455199897,-0.824021529489773
"833",911,"Patricio Vallespín López","Periodo_5",NA,NA,NA
"834",911,"Patricio Vallespín López","Periodo_6",NA,NA,NA
"835",919,"Felipe Ward Edwards","Periodo_1",NA,NA,NA
"836",919,"Felipe Ward Edwards","Periodo_2",0.46912085428733,0.428974113015191,0.388827371743051
"837",919,"Felipe Ward Edwards","Periodo_3",1.50005189520468,1.52982146013827,1.55959102507187
"838",919,"Felipe Ward Edwards","Periodo_4",0.109384685626904,0.0829246113370286,0.0564645370471527
"839",919,"Felipe Ward Edwards","Periodo_5",NA,NA,NA
"840",919,"Felipe Ward Edwards","Periodo_6",NA,NA,NA
"841",815,"Sergio Bobadilla Muñoz","Periodo_1",NA,NA,NA
"842",815,"Sergio Bobadilla Muñoz","Periodo_2",0.419330080103941,0.379183338831802,0.339036597559662
"843",815,"Sergio Bobadilla Muñoz","Periodo_3",0.786893890351717,0.816663455285197,0.846433020218678
"844",815,"Sergio Bobadilla Muñoz","Periodo_4",NA,NA,NA
"845",815,"Sergio Bobadilla Muñoz","Periodo_5",1.02383537693688,1.05335539208234,1.0828754072278
"846",815,"Sergio Bobadilla Muñoz","Periodo_6",0.78468654314446,0.76029367371962,0.73590080429478
"847",827,"Marcelo Díaz Díaz","Periodo_1",NA,NA,NA
"848",827,"Marcelo Díaz Díaz","Periodo_2",-0.98509611667608,-1.02524285794822,-1.06538959922036
"849",827,"Marcelo Díaz Díaz","Periodo_3",-0.575629510744242,-0.545859945810762,-0.516090380877281
"850",827,"Marcelo Díaz Díaz","Periodo_4",NA,NA,NA
"851",827,"Marcelo Díaz Díaz","Periodo_5",-0.806034013760432,-0.776510650393313,-0.746987287026194
"852",827,"Marcelo Díaz Díaz","Periodo_6",NA,NA,NA
"853",831,"Edmundo Eluchans Urenda","Periodo_1",NA,NA,NA
"854",831,"Edmundo Eluchans Urenda","Periodo_2",0.325670942245759,0.285524200973171,0.245377459700583
"855",831,"Edmundo Eluchans Urenda","Periodo_3",1.14168605246566,1.17145905117005,1.20123204987444
"856",831,"Edmundo Eluchans Urenda","Periodo_4",NA,NA,NA
"857",831,"Edmundo Eluchans Urenda","Periodo_5",NA,NA,NA
"858",831,"Edmundo Eluchans Urenda","Periodo_6",NA,NA,NA
"859",833,"Marco Enríquez-Ominami Gumucio","Periodo_1",NA,NA,NA
"860",833,"Marco Enríquez-Ominami Gumucio","Periodo_2",-0.686981657405134,-0.727136821258573,-0.767291985112012
"861",833,"Marco Enríquez-Ominami Gumucio","Periodo_3",NA,NA,NA
"862",833,"Marco Enríquez-Ominami Gumucio","Periodo_4",NA,NA,NA
"863",833,"Marco Enríquez-Ominami Gumucio","Periodo_5",NA,NA,NA
"864",833,"Marco Enríquez-Ominami Gumucio","Periodo_6",NA,NA,NA
"865",836,"Marcos Espinosa Monardes","Periodo_1",NA,NA,NA
"866",836,"Marcos Espinosa Monardes","Periodo_2",-0.888215064717573,-0.928361805989713,-0.968508547261853
"867",836,"Marcos Espinosa Monardes","Periodo_3",-0.610922999732456,-0.581153434798862,-0.551383869865268
"868",836,"Marcos Espinosa Monardes","Periodo_4",-1.1464429025205,-1.17290297681037,-1.19936305110025
"869",836,"Marcos Espinosa Monardes","Periodo_5",NA,NA,NA
"870",836,"Marcos Espinosa Monardes","Periodo_6",NA,NA,NA
"871",841,"Renán Fuentealba Vildósola","Periodo_1",NA,NA,NA
"872",841,"Renán Fuentealba Vildósola","Periodo_2",-0.505623301861035,-0.545778465714474,-0.585933629567913
"873",841,"Renán Fuentealba Vildósola","Periodo_3",NA,NA,NA
"874",841,"Renán Fuentealba Vildósola","Periodo_4",NA,NA,NA
"875",841,"Renán Fuentealba Vildósola","Periodo_5",NA,NA,NA
"876",841,"Renán Fuentealba Vildósola","Periodo_6",NA,NA,NA
"877",847,"Carolina Goic Boroevic","Periodo_1",NA,NA,NA
"878",847,"Carolina Goic Boroevic","Periodo_2",-0.476414638423568,-0.516561379696156,-0.556708120968744
"879",847,"Carolina Goic Boroevic","Periodo_3",-0.124202813691381,-0.0944298149869928,-0.0646568162826044
"880",847,"Carolina Goic Boroevic","Periodo_4",NA,NA,NA
"881",847,"Carolina Goic Boroevic","Periodo_5",NA,NA,NA
"882",847,"Carolina Goic Boroevic","Periodo_6",NA,NA,NA
"883",858,"Juan Carlos Latorre Carmona","Periodo_1",NA,NA,NA
"884",858,"Juan Carlos Latorre Carmona","Periodo_2",-0.490389019786352,-0.53053576105894,-0.570682502331528
"885",858,"Juan Carlos Latorre Carmona","Periodo_3",-0.228615837322064,-0.198842838617676,-0.169069839913287
"886",858,"Juan Carlos Latorre Carmona","Periodo_4",NA,NA,NA
"887",858,"Juan Carlos Latorre Carmona","Periodo_5",NA,NA,NA
"888",858,"Juan Carlos Latorre Carmona","Periodo_6",NA,NA,NA
"889",860,"Roberto León Ramírez","Periodo_1",NA,NA,NA
"890",860,"Roberto León Ramírez","Periodo_2",-0.365475293620773,-0.405622034892913,-0.445768776165053
"891",860,"Roberto León Ramírez","Periodo_3",-0.297449498240079,-0.267679933306485,-0.237910368372891
"892",860,"Roberto León Ramírez","Periodo_4",-0.62532277891966,-0.651782853209536,-0.678242927499412
"893",860,"Roberto León Ramírez","Periodo_5",NA,NA,NA
"894",860,"Roberto León Ramírez","Periodo_6",NA,NA,NA
"895",869,"Manuel Monsalve Benavides","Periodo_1",NA,NA,NA
"896",869,"Manuel Monsalve Benavides","Periodo_2",-0.807507660162934,-0.847654401435074,-0.887801142707214
"897",869,"Manuel Monsalve Benavides","Periodo_3",-0.519841125187711,-0.490071560254231,-0.460301995320751
"898",869,"Manuel Monsalve Benavides","Periodo_4",-0.6874303092841,-0.713887973262628,-0.740345637241156
"899",869,"Manuel Monsalve Benavides","Periodo_5",-0.565465368609374,-0.535942005242255,-0.506418641875137
"900",869,"Manuel Monsalve Benavides","Periodo_6",NA,NA,NA
"901",876,"Marco Antonio Núñez Lozano","Periodo_1",NA,NA,NA
"902",876,"Marco Antonio Núñez Lozano","Periodo_2",-0.819097531728723,-0.859244273000863,-0.899391014273002
"903",876,"Marco Antonio Núñez Lozano","Periodo_3",-0.222475204665414,-0.19270563973182,-0.162936074798226
"904",876,"Marco Antonio Núñez Lozano","Periodo_4",-0.703097847632563,-0.729557921922439,-0.756017996212315
"905",876,"Marco Antonio Núñez Lozano","Periodo_5",NA,NA,NA
"906",876,"Marco Antonio Núñez Lozano","Periodo_6",NA,NA,NA
"907",893,"Jorge Sabag Villalobos","Periodo_1",NA,NA,NA
"908",893,"Jorge Sabag Villalobos","Periodo_2",-0.588656766519045,-0.628803507791185,-0.668950249063324
"909",893,"Jorge Sabag Villalobos","Periodo_3",0.0837169185591091,0.113486483492589,0.14325604842607
"910",893,"Jorge Sabag Villalobos","Periodo_4",-0.742531112134823,-0.768988776113351,-0.795446440091879
"911",893,"Jorge Sabag Villalobos","Periodo_5",0.332812713527437,0.362336076894556,0.391859440261675
"912",893,"Jorge Sabag Villalobos","Periodo_6",NA,NA,NA
"913",898,"Gabriel Silber Romo","Periodo_1",NA,NA,NA
"914",898,"Gabriel Silber Romo","Periodo_2",-0.798357533492273,-0.838504274764413,-0.878651016036553
"915",898,"Gabriel Silber Romo","Periodo_3",-0.293082732942473,-0.263313168008993,-0.233543603075513
"916",898,"Gabriel Silber Romo","Periodo_4",-0.899074005262757,-0.925531669241285,-0.951989333219813
"917",898,"Gabriel Silber Romo","Periodo_5",-0.0491279148632019,-0.0196045514960831,0.00991881187103569
"918",898,"Gabriel Silber Romo","Periodo_6",NA,NA,NA
"919",900,"Alejandro Sule Fernández","Periodo_1",NA,NA,NA
"920",900,"Alejandro Sule Fernández","Periodo_2",-0.775604933517937,-0.815760097371376,-0.855915261224815
"921",900,"Alejandro Sule Fernández","Periodo_3",NA,NA,NA
"922",900,"Alejandro Sule Fernández","Periodo_4",NA,NA,NA
"923",900,"Alejandro Sule Fernández","Periodo_5",NA,NA,NA
"924",900,"Alejandro Sule Fernández","Periodo_6",NA,NA,NA
"925",905,"Marisol Turres Figueroa","Periodo_1",NA,NA,NA
"926",905,"Marisol Turres Figueroa","Periodo_2",0.356751953148566,0.316605211876426,0.276458470604286
"927",905,"Marisol Turres Figueroa","Periodo_3",0.592564823775052,0.622334388708646,0.65210395364224
"928",905,"Marisol Turres Figueroa","Periodo_4",0.0568905961436121,0.0304305218537362,0.00397044756386031
"929",905,"Marisol Turres Figueroa","Periodo_5",NA,NA,NA
"930",905,"Marisol Turres Figueroa","Periodo_6",NA,NA,NA
"931",913,"Mario Venegas Cárdenas","Periodo_1",NA,NA,NA
"932",913,"Mario Venegas Cárdenas","Periodo_2",-0.772550362112833,-0.812697103384973,-0.852843844657113
"933",913,"Mario Venegas Cárdenas","Periodo_3",-0.254064929222929,-0.224295364289449,-0.194525799355969
"934",913,"Mario Venegas Cárdenas","Periodo_4",-0.852995361533709,-0.879453025512237,-0.905910689490765
"935",913,"Mario Venegas Cárdenas","Periodo_5",-0.0384243718002001,-0.00890100843308128,0.0206223549340375
"936",913,"Mario Venegas Cárdenas","Periodo_6",NA,NA,NA
"937",915,"Germán Verdugo Soto","Periodo_1",NA,NA,NA
"938",915,"Germán Verdugo Soto","Periodo_2",0.124616102376358,0.0844693611042181,0.0443226198320783
"939",915,"Germán Verdugo Soto","Periodo_3",1.11960661739464,1.14937618232824,1.17914574726183
"940",915,"Germán Verdugo Soto","Periodo_4",-0.0547922651743767,-0.0812523394642526,-0.107712413754128
"941",915,"Germán Verdugo Soto","Periodo_5",NA,NA,NA
"942",915,"Germán Verdugo Soto","Periodo_6",NA,NA,NA
"943",883,"Denise Pascal Allende","Periodo_1",NA,NA,NA
"944",883,"Denise Pascal Allende","Periodo_2",-1.05227176932591,-1.09241851059805,-1.13256525187019
"945",883,"Denise Pascal Allende","Periodo_3",-0.359148978286721,-0.329379413353126,-0.299609848419532
"946",883,"Denise Pascal Allende","Periodo_4",-0.801044280032428,-0.827504354322304,-0.85396442861218
"947",883,"Denise Pascal Allende","Periodo_5",NA,NA,NA
"948",883,"Denise Pascal Allende","Periodo_6",NA,NA,NA
"949",846,"Joaquín Godoy Ibáñez","Periodo_1",NA,NA,NA
"950",846,"Joaquín Godoy Ibáñez","Periodo_2",0.211199238655123,0.171052497382983,0.130905756110843
"951",846,"Joaquín Godoy Ibáñez","Periodo_3",0.653273309716687,0.683042874650281,0.712812439583876
"952",846,"Joaquín Godoy Ibáñez","Periodo_4",-0.114058811436037,-0.140518885725913,-0.166978960015789
"953",846,"Joaquín Godoy Ibáñez","Periodo_5",NA,NA,NA
"954",846,"Joaquín Godoy Ibáñez","Periodo_6",NA,NA,NA
"955",880,"Clemira Pacheco Rivas","Periodo_1",NA,NA,NA
"956",880,"Clemira Pacheco Rivas","Periodo_2",-0.834531389870352,-0.874678131142491,-0.914824872414631
"957",880,"Clemira Pacheco Rivas","Periodo_3",-0.376905143556697,-0.347135578623102,-0.317366013689508
"958",880,"Clemira Pacheco Rivas","Periodo_4",-0.631907049639708,-0.658367123929584,-0.684827198219459
"959",880,"Clemira Pacheco Rivas","Periodo_5",NA,NA,NA
"960",880,"Clemira Pacheco Rivas","Periodo_6",NA,NA,NA
"961",838,"Enrique Estay Peñaloza","Periodo_1",NA,NA,NA
"962",838,"Enrique Estay Peñaloza","Periodo_2",0.159688361035915,0.119541619763327,0.0793948784907391
"963",838,"Enrique Estay Peñaloza","Periodo_3",0.621322670430683,0.651095669135071,0.680868667839459
"964",838,"Enrique Estay Peñaloza","Periodo_4",NA,NA,NA
"965",838,"Enrique Estay Peñaloza","Periodo_5",NA,NA,NA
"966",838,"Enrique Estay Peñaloza","Periodo_6",NA,NA,NA
"967",851,"Amelia Herrera Silva","Periodo_1",NA,NA,NA
"968",851,"Amelia Herrera Silva","Periodo_2",-0.0158152723740578,-0.0559704362274966,-0.0961256000809355
"969",851,"Amelia Herrera Silva","Periodo_3",NA,NA,NA
"970",851,"Amelia Herrera Silva","Periodo_4",NA,NA,NA
"971",851,"Amelia Herrera Silva","Periodo_5",NA,NA,NA
"972",851,"Amelia Herrera Silva","Periodo_6",NA,NA,NA
"973",809,"Gonzalo Arenas Hödar","Periodo_1",NA,NA,NA
"974",809,"Gonzalo Arenas Hödar","Periodo_2",0.325311301167964,0.285164559895376,0.245017818622788
"975",809,"Gonzalo Arenas Hödar","Periodo_3",0.939082514073466,0.968855512777854,0.998628511482243
"976",809,"Gonzalo Arenas Hödar","Periodo_4",NA,NA,NA
"977",809,"Gonzalo Arenas Hödar","Periodo_5",NA,NA,NA
"978",809,"Gonzalo Arenas Hödar","Periodo_6",NA,NA,NA
"979",853,"Marta Isasi Barbieri","Periodo_1",NA,NA,NA
"980",853,"Marta Isasi Barbieri","Periodo_2",0.0925400564906133,0.0523933152180253,0.0122465739454373
"981",853,"Marta Isasi Barbieri","Periodo_3",0.177589072632361,0.20736207133675,0.237135070041138
"982",853,"Marta Isasi Barbieri","Periodo_4",NA,NA,NA
"983",853,"Marta Isasi Barbieri","Periodo_5",NA,NA,NA
"984",853,"Marta Isasi Barbieri","Periodo_6",NA,NA,NA
"985",920,"Marcelo Schilling Rodríguez","Periodo_1",NA,NA,NA
"986",920,"Marcelo Schilling Rodríguez","Periodo_2",-0.23046760929893,-0.27061435057107,-0.31076109184321
"987",920,"Marcelo Schilling Rodríguez","Periodo_3",-0.550328460824292,-0.520558895890812,-0.490789330957331
"988",920,"Marcelo Schilling Rodríguez","Periodo_4",-1.20153917363107,-1.2279968376096,-1.25445450158812
"989",920,"Marcelo Schilling Rodríguez","Periodo_5",-0.535119865118673,-0.505596501751554,-0.476073138384435
"990",920,"Marcelo Schilling Rodríguez","Periodo_6",NA,NA,NA
"991",922,"Felipe Harboe Bascuñán","Periodo_1",NA,NA,NA
"992",922,"Felipe Harboe Bascuñán","Periodo_2",-0.125593873445892,-0.16574061471848,-0.205887355991068
"993",922,"Felipe Harboe Bascuñán","Periodo_3",-0.257679304615852,-0.227906305911464,-0.198133307207076
"994",922,"Felipe Harboe Bascuñán","Periodo_4",NA,NA,NA
"995",922,"Felipe Harboe Bascuñán","Periodo_5",NA,NA,NA
"996",922,"Felipe Harboe Bascuñán","Periodo_6",NA,NA,NA
"997",931,"Juan Luis Castro González","Periodo_1",NA,NA,NA
"998",931,"Juan Luis Castro González","Periodo_2",NA,NA,NA
"999",931,"Juan Luis Castro González","Periodo_3",-0.323908854044206,-0.29413757350179,-0.264366292959374
"1000",931,"Juan Luis Castro González","Periodo_4",-0.830457606733683,-0.856915270712272,-0.883372934690862
"1001",931,"Juan Luis Castro González","Periodo_5",-0.213949143146581,-0.184425779779477,-0.154902416412372
"1002",931,"Juan Luis Castro González","Periodo_6",NA,NA,NA
"1003",932,"Eduardo Cerda García","Periodo_1",NA,NA,NA
"1004",932,"Eduardo Cerda García","Periodo_2",NA,NA,NA
"1005",932,"Eduardo Cerda García","Periodo_3",-0.148617597972262,-0.118842883065174,-0.0890681681580862
"1006",932,"Eduardo Cerda García","Periodo_4",NA,NA,NA
"1007",932,"Eduardo Cerda García","Periodo_5",NA,NA,NA
"1008",932,"Eduardo Cerda García","Periodo_6",NA,NA,NA
"1009",933,"Aldo Cornejo González","Periodo_1",NA,NA,NA
"1010",933,"Aldo Cornejo González","Periodo_2",NA,NA,NA
"1011",933,"Aldo Cornejo González","Periodo_3",-0.260089218703773,-0.230317938161243,-0.200546657618712
"1012",933,"Aldo Cornejo González","Periodo_4",-0.573946173848581,-0.600406248138519,-0.626866322428456
"1013",933,"Aldo Cornejo González","Periodo_5",NA,NA,NA
"1014",933,"Aldo Cornejo González","Periodo_6",NA,NA,NA
"1015",935,"Rojo Edwards Silva","Periodo_1",NA,NA,NA
"1016",935,"Rojo Edwards Silva","Periodo_2",NA,NA,NA
"1017",935,"Rojo Edwards Silva","Periodo_3",0.660335282914675,0.690106563457205,0.719877843999735
"1018",935,"Rojo Edwards Silva","Periodo_4",0.170324284642491,0.143864210352554,0.117404136062616
"1019",935,"Rojo Edwards Silva","Periodo_5",NA,NA,NA
"1020",935,"Rojo Edwards Silva","Periodo_6",NA,NA,NA
"1021",936,"Cristina Girardi Lavín","Periodo_1",NA,NA,NA
"1022",936,"Cristina Girardi Lavín","Periodo_2",NA,NA,NA
"1023",936,"Cristina Girardi Lavín","Periodo_3",-0.57005808484733,-0.540286804304914,-0.510515523762498
"1024",936,"Cristina Girardi Lavín","Periodo_4",-0.770982014576842,-0.797439678555431,-0.823897342534021
"1025",936,"Cristina Girardi Lavín","Periodo_5",-0.363591379588803,-0.334068016221698,-0.304544652854594
"1026",936,"Cristina Girardi Lavín","Periodo_6",NA,NA,NA
"1027",938,"Romilio Gutiérrez Pino","Periodo_1",NA,NA,NA
"1028",938,"Romilio Gutiérrez Pino","Periodo_2",NA,NA,NA
"1029",938,"Romilio Gutiérrez Pino","Periodo_3",1.08266573765768,1.11243701820021,1.14220829874274
"1030",938,"Romilio Gutiérrez Pino","Periodo_4",0.0192261585770516,-0.00723391571288601,-0.0336939900028236
"1031",938,"Romilio Gutiérrez Pino","Periodo_5",NA,NA,NA
"1032",938,"Romilio Gutiérrez Pino","Periodo_6",NA,NA,NA
"1033",940,"María José Hoffmann Opazo","Periodo_1",NA,NA,NA
"1034",940,"María José Hoffmann Opazo","Periodo_2",NA,NA,NA
"1035",940,"María José Hoffmann Opazo","Periodo_3",0.890865421872487,0.920636702414904,0.95040798295732
"1036",940,"María José Hoffmann Opazo","Periodo_4",0.0851903016636527,0.058732637685063,0.0322749737064733
"1037",940,"María José Hoffmann Opazo","Periodo_5",0.906055990066367,0.935579353433471,0.965102716800575
"1038",940,"María José Hoffmann Opazo","Periodo_6",NA,NA,NA
"1039",942,"Javier Macaya Danús","Periodo_1",NA,NA,NA
"1040",942,"Javier Macaya Danús","Periodo_2",NA,NA,NA
"1041",942,"Javier Macaya Danús","Periodo_3",0.76748721051222,0.797258491054636,0.827029771597053
"1042",942,"Javier Macaya Danús","Periodo_4",0.13748653910061,0.111028875122021,0.0845712111434308
"1043",942,"Javier Macaya Danús","Periodo_5",1.03293281871609,1.0624561820832,1.0919795454503
"1044",942,"Javier Macaya Danús","Periodo_6",NA,NA,NA
"1045",945,"Celso Morales Muñoz","Periodo_1",NA,NA,NA
"1046",945,"Celso Morales Muñoz","Periodo_2",NA,NA,NA
"1047",945,"Celso Morales Muñoz","Periodo_3",1.04362944292157,1.07340072346399,1.10317200400641
"1048",945,"Celso Morales Muñoz","Periodo_4",0.121441233091175,0.0949835691125851,0.0685259051339954
"1049",945,"Celso Morales Muñoz","Periodo_5",0.934584107405392,0.964107470772496,0.9936308341396
"1050",945,"Celso Morales Muñoz","Periodo_6",NA,NA,NA
"1051",949,"Marcela Sabat Fernández","Periodo_1",NA,NA,NA
"1052",949,"Marcela Sabat Fernández","Periodo_2",NA,NA,NA
"1053",949,"Marcela Sabat Fernández","Periodo_3",0.654082515163263,0.68385379570568,0.713625076248096
"1054",949,"Marcela Sabat Fernández","Periodo_4",-0.05838574440519,-0.0848434083837797,-0.111301072362369
"1055",949,"Marcela Sabat Fernández","Periodo_5",0.353048975764277,0.382572339131381,0.412095702498486
"1056",949,"Marcela Sabat Fernández","Periodo_6",NA,NA,NA
"1057",951,"David Sandoval Plaza","Periodo_1",NA,NA,NA
"1058",951,"David Sandoval Plaza","Periodo_2",NA,NA,NA
"1059",951,"David Sandoval Plaza","Periodo_3",1.089890021648,1.11966130219053,1.14943258273306
"1060",951,"David Sandoval Plaza","Periodo_4",0.0803158924315216,0.053855818141584,0.0273957438516464
"1061",951,"David Sandoval Plaza","Periodo_5",NA,NA,NA
"1062",951,"David Sandoval Plaza","Periodo_6",NA,NA,NA
"1063",952,"Alejandro Santana Tirachini","Periodo_1",NA,NA,NA
"1064",952,"Alejandro Santana Tirachini","Periodo_2",NA,NA,NA
"1065",952,"Alejandro Santana Tirachini","Periodo_3",0.79140796113449,0.821179241676906,0.850950522219323
"1066",952,"Alejandro Santana Tirachini","Periodo_4",0.0751220020151442,0.0486643380365545,0.0222066740579648
"1067",952,"Alejandro Santana Tirachini","Periodo_5",1.01504740053123,1.04457076389834,1.07409412726544
"1068",952,"Alejandro Santana Tirachini","Periodo_6",NA,NA,NA
"1069",953,"Frank Sauerbaum Muñoz","Periodo_1",NA,NA,NA
"1070",953,"Frank Sauerbaum Muñoz","Periodo_2",NA,NA,NA
"1071",953,"Frank Sauerbaum Muñoz","Periodo_3",0.855540990541542,0.885312271083958,0.915083551626374
"1072",953,"Frank Sauerbaum Muñoz","Periodo_4",NA,NA,NA
"1073",953,"Frank Sauerbaum Muñoz","Periodo_5",1.12953320885382,1.15905322399927,1.18857323914472
"1074",953,"Frank Sauerbaum Muñoz","Periodo_6",0.631732559458413,0.607339690033573,0.582946820608734
"1075",954,"Ernesto Silva Méndez","Periodo_1",NA,NA,NA
"1076",954,"Ernesto Silva Méndez","Periodo_2",NA,NA,NA
"1077",954,"Ernesto Silva Méndez","Periodo_3",1.34477484863548,1.37454612917801,1.40431740972054
"1078",954,"Ernesto Silva Méndez","Periodo_4",0.0674958456429161,0.0410357713529785,0.0145756970630409
"1079",954,"Ernesto Silva Méndez","Periodo_5",NA,NA,NA
"1080",954,"Ernesto Silva Méndez","Periodo_6",NA,NA,NA
"1081",956,"Guillermo Teillier Del Valle","Periodo_1",NA,NA,NA
"1082",956,"Guillermo Teillier Del Valle","Periodo_2",NA,NA,NA
"1083",956,"Guillermo Teillier Del Valle","Periodo_3",-0.593213050746125,-0.563441770203708,-0.533670489661292
"1084",956,"Guillermo Teillier Del Valle","Periodo_4",-1.25171965962476,-1.27817732360335,-1.30463498758194
"1085",956,"Guillermo Teillier Del Valle","Periodo_5",-0.65488783480126,-0.625364471434156,-0.595841108067052
"1086",956,"Guillermo Teillier Del Valle","Periodo_6",NA,NA,NA
"1087",957,"Víctor Torres Jeldes","Periodo_1",NA,NA,NA
"1088",957,"Víctor Torres Jeldes","Periodo_2",NA,NA,NA
"1089",957,"Víctor Torres Jeldes","Periodo_3",-0.341043753576133,-0.311272473033717,-0.281501192491301
"1090",957,"Víctor Torres Jeldes","Periodo_4",-1.27033951478959,-1.29679717876818,-1.32325484274676
"1091",957,"Víctor Torres Jeldes","Periodo_5",-0.362149201123736,-0.332625837756632,-0.303102474389527
"1092",957,"Víctor Torres Jeldes","Periodo_6",NA,NA,NA
"1093",959,"Enrique Van Rysselberghe Herrera","Periodo_1",NA,NA,NA
"1094",959,"Enrique Van Rysselberghe Herrera","Periodo_2",NA,NA,NA
"1095",959,"Enrique Van Rysselberghe Herrera","Periodo_3",1.12566115418018,1.15543243472259,1.18520371526501
"1096",959,"Enrique Van Rysselberghe Herrera","Periodo_4",0.150354580630967,0.123896916652378,0.097439252673788
"1097",959,"Enrique Van Rysselberghe Herrera","Periodo_5",0.976165403592677,1.00568876695978,1.03521213032689
"1098",959,"Enrique Van Rysselberghe Herrera","Periodo_6",NA,NA,NA
"1099",960,"Orlando Vargas Pizarro","Periodo_1",NA,NA,NA
"1100",960,"Orlando Vargas Pizarro","Periodo_2",NA,NA,NA
"1101",960,"Orlando Vargas Pizarro","Periodo_3",-0.10490115215415,-0.0751264372470618,-0.0453517223399738
"1102",960,"Orlando Vargas Pizarro","Periodo_4",NA,NA,NA
"1103",960,"Orlando Vargas Pizarro","Periodo_5",NA,NA,NA
"1104",960,"Orlando Vargas Pizarro","Periodo_6",NA,NA,NA
"1105",961,"Pedro Velásquez Seguel","Periodo_1",NA,NA,NA
"1106",961,"Pedro Velásquez Seguel","Periodo_2",NA,NA,NA
"1107",961,"Pedro Velásquez Seguel","Periodo_3",0.440677985847365,0.470449266389781,0.500220546932197
"1108",961,"Pedro Velásquez Seguel","Periodo_4",NA,NA,NA
"1109",961,"Pedro Velásquez Seguel","Periodo_5",0.120589719100169,0.150113082467273,0.179636445834378
"1110",961,"Pedro Velásquez Seguel","Periodo_6",NA,NA,NA
"1111",964,"Mónica Zalaquett Said","Periodo_1",NA,NA,NA
"1112",964,"Mónica Zalaquett Said","Periodo_2",NA,NA,NA
"1113",964,"Mónica Zalaquett Said","Periodo_3",0.947354482669454,0.977129197576542,1.00690391248363
"1114",964,"Mónica Zalaquett Said","Periodo_4",NA,NA,NA
"1115",964,"Mónica Zalaquett Said","Periodo_5",NA,NA,NA
"1116",964,"Mónica Zalaquett Said","Periodo_6",NA,NA,NA
"1117",937,"Hugo Gutiérrez Gálvez","Periodo_1",NA,NA,NA
"1118",937,"Hugo Gutiérrez Gálvez","Periodo_2",NA,NA,NA
"1119",937,"Hugo Gutiérrez Gálvez","Periodo_3",-0.760827407588251,-0.731056127045834,-0.701284846503418
"1120",937,"Hugo Gutiérrez Gálvez","Periodo_4",-0.992665708581551,-1.01912337256014,-1.04558103653873
"1121",937,"Hugo Gutiérrez Gálvez","Periodo_5",-0.387579836205642,-0.358056472838537,-0.328533109471433
"1122",937,"Hugo Gutiérrez Gálvez","Periodo_6",NA,NA,NA
"1123",939,"Gustavo Hasbún Selume","Periodo_1",NA,NA,NA
"1124",939,"Gustavo Hasbún Selume","Periodo_2",NA,NA,NA
"1125",939,"Gustavo Hasbún Selume","Periodo_3",0.924124023866069,0.953895304408599,0.98366658495113
"1126",939,"Gustavo Hasbún Selume","Periodo_4",0.06834931372317,0.0418892394332324,0.0154291651432948
"1127",939,"Gustavo Hasbún Selume","Periodo_5",NA,NA,NA
"1128",939,"Gustavo Hasbún Selume","Periodo_6",NA,NA,NA
"1129",923,"Pedro Pablo Álvarez-Salamanca Ramírez","Periodo_1",NA,NA,NA
"1130",923,"Pedro Pablo Álvarez-Salamanca Ramírez","Periodo_2",NA,NA,NA
"1131",923,"Pedro Pablo Álvarez-Salamanca Ramírez","Periodo_3",0.793303681854828,0.823074962397244,0.852846242939661
"1132",923,"Pedro Pablo Álvarez-Salamanca Ramírez","Periodo_4",0.107072868905549,0.0806152049269593,0.0541575409483696
"1133",923,"Pedro Pablo Álvarez-Salamanca Ramírez","Periodo_5",0.660757748033837,0.690281111400941,0.719804474768046
"1134",923,"Pedro Pablo Álvarez-Salamanca Ramírez","Periodo_6",NA,NA,NA
"1135",925,"Pepe Auth Stewart","Periodo_1",NA,NA,NA
"1136",925,"Pepe Auth Stewart","Periodo_2",NA,NA,NA
"1137",925,"Pepe Auth Stewart","Periodo_3",-0.170936660047164,-0.141165379504747,-0.111394098962331
"1138",925,"Pepe Auth Stewart","Periodo_4",-0.98102295482564,-1.00748061880423,-1.03393828278282
"1139",925,"Pepe Auth Stewart","Periodo_5",0.122306147323312,0.151829510690416,0.18135287405752
"1140",925,"Pepe Auth Stewart","Periodo_6",NA,NA,NA
"1141",930,"Lautaro Carmona Soto","Periodo_1",NA,NA,NA
"1142",930,"Lautaro Carmona Soto","Periodo_2",NA,NA,NA
"1143",930,"Lautaro Carmona Soto","Periodo_3",-0.709664391142475,-0.679893110599945,-0.650121830057415
"1144",930,"Lautaro Carmona Soto","Periodo_4",-1.14065910964353,-1.16711918393347,-1.19357925822341
"1145",930,"Lautaro Carmona Soto","Periodo_5",NA,NA,NA
"1146",930,"Lautaro Carmona Soto","Periodo_6",NA,NA,NA
"1147",924,"Osvaldo Andrade Lara","Periodo_1",NA,NA,NA
"1148",924,"Osvaldo Andrade Lara","Periodo_2",NA,NA,NA
"1149",924,"Osvaldo Andrade Lara","Periodo_3",-0.568773615437741,-0.539002334895211,-0.50923105435268
"1150",924,"Osvaldo Andrade Lara","Periodo_4",-1.01570360985681,-1.04216368414675,-1.06862375843669
"1151",924,"Osvaldo Andrade Lara","Periodo_5",NA,NA,NA
"1152",924,"Osvaldo Andrade Lara","Periodo_6",NA,NA,NA
"1153",926,"Nino Baltolu Rasera","Periodo_1",NA,NA,NA
"1154",926,"Nino Baltolu Rasera","Periodo_2",NA,NA,NA
"1155",926,"Nino Baltolu Rasera","Periodo_3",0.693606554062546,0.723377834604962,0.753149115147378
"1156",926,"Nino Baltolu Rasera","Periodo_4",NA,NA,NA
"1157",926,"Nino Baltolu Rasera","Periodo_5",1.28353422489081,1.31305758825791,1.34258095162502
"1158",926,"Nino Baltolu Rasera","Periodo_6",NA,NA,NA
"1159",927,"Pedro Browne Urrejola","Periodo_1",NA,NA,NA
"1160",927,"Pedro Browne Urrejola","Periodo_2",NA,NA,NA
"1161",927,"Pedro Browne Urrejola","Periodo_3",0.854216628665725,0.883987909208255,0.913759189750786
"1162",927,"Pedro Browne Urrejola","Periodo_4",-0.217686424611197,-0.244146498901135,-0.270606573191072
"1163",927,"Pedro Browne Urrejola","Periodo_5",NA,NA,NA
"1164",927,"Pedro Browne Urrejola","Periodo_6",NA,NA,NA
"1165",929,"Cristián Campos Jara","Periodo_1",NA,NA,NA
"1166",929,"Cristián Campos Jara","Periodo_2",NA,NA,NA
"1167",929,"Cristián Campos Jara","Periodo_3",-0.135684007288328,-0.105912726745798,-0.0761414462032675
"1168",929,"Cristián Campos Jara","Periodo_4",-0.774839350525446,-0.801299424815384,-0.827759499105321
"1169",929,"Cristián Campos Jara","Periodo_5",NA,NA,NA
"1170",929,"Cristián Campos Jara","Periodo_6",NA,NA,NA
"1171",944,"Andrea Molina Oliva","Periodo_1",NA,NA,NA
"1172",944,"Andrea Molina Oliva","Periodo_2",NA,NA,NA
"1173",944,"Andrea Molina Oliva","Periodo_3",0.6793591834117,0.70913046395423,0.73890174449676
"1174",944,"Andrea Molina Oliva","Periodo_4",0.110227263049094,0.083767188759156,0.0573071144692184
"1175",944,"Andrea Molina Oliva","Periodo_5",NA,NA,NA
"1176",944,"Andrea Molina Oliva","Periodo_6",NA,NA,NA
"1177",947,"Ricardo Rincón González","Periodo_1",NA,NA,NA
"1178",947,"Ricardo Rincón González","Periodo_2",NA,NA,NA
"1179",947,"Ricardo Rincón González","Periodo_3",-0.395895838640406,-0.366124558097876,-0.336353277555345
"1180",947,"Ricardo Rincón González","Periodo_4",-0.810020180372692,-0.836480254662629,-0.862940328952567
"1181",947,"Ricardo Rincón González","Periodo_5",NA,NA,NA
"1182",947,"Ricardo Rincón González","Periodo_6",NA,NA,NA
"1183",950,"René Saffirio Espinoza","Periodo_1",NA,NA,NA
"1184",950,"René Saffirio Espinoza","Periodo_2",NA,NA,NA
"1185",950,"René Saffirio Espinoza","Periodo_3",-0.27585751059588,-0.246086230053464,-0.216314949511048
"1186",950,"René Saffirio Espinoza","Periodo_4",-1.04987169253334,-1.07632935651193,-1.10278702049052
"1187",950,"René Saffirio Espinoza","Periodo_5",-0.484412756136514,-0.454889392769409,-0.425366029402305
"1188",950,"René Saffirio Espinoza","Periodo_6",NA,NA,NA
"1189",955,"Arturo Squella Ovalle","Periodo_1",NA,NA,NA
"1190",955,"Arturo Squella Ovalle","Periodo_2",NA,NA,NA
"1191",955,"Arturo Squella Ovalle","Periodo_3",1.23070984095725,1.26048112149978,1.29025240204231
"1192",955,"Arturo Squella Ovalle","Periodo_4",0.142081407814769,0.115621333524831,0.0891612592348934
"1193",955,"Arturo Squella Ovalle","Periodo_5",NA,NA,NA
"1194",955,"Arturo Squella Ovalle","Periodo_6",NA,NA,NA
"1195",963,"Matías Walker Prieto","Periodo_1",NA,NA,NA
"1196",963,"Matías Walker Prieto","Periodo_2",NA,NA,NA
"1197",963,"Matías Walker Prieto","Periodo_3",-0.00702091452362177,0.0227503660187946,0.052521646561211
"1198",963,"Matías Walker Prieto","Periodo_4",-1.09211699816867,-1.11857466214726,-1.14503232612585
"1199",963,"Matías Walker Prieto","Periodo_5",0.114128459756824,0.143651823123929,0.173175186491033
"1200",963,"Matías Walker Prieto","Periodo_6",NA,NA,NA
"1201",946,"Leopoldo Pérez Lahsen","Periodo_1",NA,NA,NA
"1202",946,"Leopoldo Pérez Lahsen","Periodo_2",NA,NA,NA
"1203",946,"Leopoldo Pérez Lahsen","Periodo_3",1.08886170232766,1.11863298287007,1.14840426341249
"1204",946,"Leopoldo Pérez Lahsen","Periodo_4",0.112342671566649,0.0858850075880593,0.0594273436094696
"1205",946,"Leopoldo Pérez Lahsen","Periodo_5",1.5128531732176,1.5423765365847,1.57189989995181
"1206",946,"Leopoldo Pérez Lahsen","Periodo_6",NA,NA,NA
"1207",967,"Issa Kort Garriga","Periodo_1",NA,NA,NA
"1208",967,"Issa Kort Garriga","Periodo_2",NA,NA,NA
"1209",967,"Issa Kort Garriga","Periodo_3",0.48325426592982,0.513025546472236,0.542796827014653
"1210",967,"Issa Kort Garriga","Periodo_4",0.0595564590393569,0.0330987950607672,0.00664113108217751
"1211",967,"Issa Kort Garriga","Periodo_5",0.737590089055375,0.76711345242248,0.796636815789584
"1212",967,"Issa Kort Garriga","Periodo_6",NA,NA,NA
"1213",928,"Giovanni Calderón Bassi","Periodo_1",NA,NA,NA
"1214",928,"Giovanni Calderón Bassi","Periodo_2",NA,NA,NA
"1215",928,"Giovanni Calderón Bassi","Periodo_3",0.953057804317945,0.982832519225033,1.01260723413212
"1216",928,"Giovanni Calderón Bassi","Periodo_4",NA,NA,NA
"1217",928,"Giovanni Calderón Bassi","Periodo_5",NA,NA,NA
"1218",928,"Giovanni Calderón Bassi","Periodo_6",NA,NA,NA
"1219",934,"Fuad Chahin Valenzuela","Periodo_1",NA,NA,NA
"1220",934,"Fuad Chahin Valenzuela","Periodo_2",NA,NA,NA
"1221",934,"Fuad Chahin Valenzuela","Periodo_3",-0.199945664749887,-0.170174384207357,-0.140403103664826
"1222",934,"Fuad Chahin Valenzuela","Periodo_4",-0.827735892295281,-0.854195966585218,-0.880656040875156
"1223",934,"Fuad Chahin Valenzuela","Periodo_5",NA,NA,NA
"1224",934,"Fuad Chahin Valenzuela","Periodo_6",NA,NA,NA
"1225",966,"Joel Rosales Guzmán","Periodo_1",NA,NA,NA
"1226",966,"Joel Rosales Guzmán","Periodo_2",NA,NA,NA
"1227",966,"Joel Rosales Guzmán","Periodo_3",0.539692513468333,0.569467228375421,0.599241943282509
"1228",966,"Joel Rosales Guzmán","Periodo_4",NA,NA,NA
"1229",966,"Joel Rosales Guzmán","Periodo_5",NA,NA,NA
"1230",966,"Joel Rosales Guzmán","Periodo_6",NA,NA,NA
"1231",965,"Cristian Letelier Aguilar","Periodo_1",NA,NA,NA
"1232",965,"Cristian Letelier Aguilar","Periodo_2",NA,NA,NA
"1233",965,"Cristian Letelier Aguilar","Periodo_3",0.55064701455598,0.580421729463068,0.610196444370156
"1234",965,"Cristian Letelier Aguilar","Periodo_4",NA,NA,NA
"1235",965,"Cristian Letelier Aguilar","Periodo_5",NA,NA,NA
"1236",965,"Cristian Letelier Aguilar","Periodo_6",NA,NA,NA
"1237",941,"Luis Lemus Aracena","Periodo_1",NA,NA,NA
"1238",941,"Luis Lemus Aracena","Periodo_2",NA,NA,NA
"1239",941,"Luis Lemus Aracena","Periodo_3",-0.623875869374279,-0.594104588831748,-0.564333308289218
"1240",941,"Luis Lemus Aracena","Periodo_4",-1.24779838613904,-1.27425846042897,-1.30071853471891
"1241",941,"Luis Lemus Aracena","Periodo_5",NA,NA,NA
"1242",941,"Luis Lemus Aracena","Periodo_6",NA,NA,NA
"1243",943,"Miodrag Marinovic Solo de Zaldívar","Periodo_1",NA,NA,NA
"1244",943,"Miodrag Marinovic Solo de Zaldívar","Periodo_2",NA,NA,NA
"1245",943,"Miodrag Marinovic Solo de Zaldívar","Periodo_3",0.36299808639679,0.392772801303878,0.422547516210966
"1246",943,"Miodrag Marinovic Solo de Zaldívar","Periodo_4",NA,NA,NA
"1247",943,"Miodrag Marinovic Solo de Zaldívar","Periodo_5",NA,NA,NA
"1248",943,"Miodrag Marinovic Solo de Zaldívar","Periodo_6",NA,NA,NA
"1249",958,"Joaquín Tuma Zedan","Periodo_1",NA,NA,NA
"1250",958,"Joaquín Tuma Zedan","Periodo_2",NA,NA,NA
"1251",958,"Joaquín Tuma Zedan","Periodo_3",-0.12576861045086,-0.0959973299083294,-0.066226049365799
"1252",958,"Joaquín Tuma Zedan","Periodo_4",-0.730491156125959,-0.756951230415897,-0.783411304705835
"1253",958,"Joaquín Tuma Zedan","Periodo_5",NA,NA,NA
"1254",958,"Joaquín Tuma Zedan","Periodo_6",NA,NA,NA
"1255",948,"Gaspar Rivas Sánchez","Periodo_1",NA,NA,NA
"1256",948,"Gaspar Rivas Sánchez","Periodo_2",NA,NA,NA
"1257",948,"Gaspar Rivas Sánchez","Periodo_3",0.76235739640781,0.792128676950226,0.821899957492643
"1258",948,"Gaspar Rivas Sánchez","Periodo_4",-0.256231388617878,-0.282689052596343,-0.309146716574809
"1259",948,"Gaspar Rivas Sánchez","Periodo_5",NA,NA,NA
"1260",948,"Gaspar Rivas Sánchez","Periodo_6",-0.10207712653005,-0.12646999595489,-0.15086286537973
"1261",1003,"Renzo Trisotti Martínez","Periodo_1",NA,NA,NA
"1262",1003,"Renzo Trisotti Martínez","Periodo_2",NA,NA,NA
"1263",1003,"Renzo Trisotti Martínez","Periodo_3",NA,NA,NA
"1264",1003,"Renzo Trisotti Martínez","Periodo_4",0.0916829756010467,0.0652241068319766,0.0387652380629065
"1265",1003,"Renzo Trisotti Martínez","Periodo_5",1.22782647571111,1.25734649085663,1.28686650600215
"1266",1003,"Renzo Trisotti Martínez","Periodo_6",1.10834276680538,1.08394989738055,1.05955702795572
"1267",1001,"Raúl Saldívar Auger","Periodo_1",NA,NA,NA
"1268",1001,"Raúl Saldívar Auger","Periodo_2",NA,NA,NA
"1269",1001,"Raúl Saldívar Auger","Periodo_3",NA,NA,NA
"1270",1001,"Raúl Saldívar Auger","Periodo_4",-1.26444019976472,-1.29089906853391,-1.31735793730311
"1271",1001,"Raúl Saldívar Auger","Periodo_5",-0.768002180478862,-0.738478817111688,-0.708955453744514
"1272",1001,"Raúl Saldívar Auger","Periodo_6",NA,NA,NA
"1273",989,"Joaquín Lavín León","Periodo_1",NA,NA,NA
"1274",989,"Joaquín Lavín León","Periodo_2",NA,NA,NA
"1275",989,"Joaquín Lavín León","Periodo_3",NA,NA,NA
"1276",989,"Joaquín Lavín León","Periodo_4",0.100424940563976,0.0739660717949054,0.0475072030258353
"1277",989,"Joaquín Lavín León","Periodo_5",0.89174696482549,0.921266979971009,0.950786995116528
"1278",989,"Joaquín Lavín León","Periodo_6",0.193701948934797,0.169309079509966,0.144916210085135
"1279",1006,"Camila Vallejo Dowling","Periodo_1",NA,NA,NA
"1280",1006,"Camila Vallejo Dowling","Periodo_2",NA,NA,NA
"1281",1006,"Camila Vallejo Dowling","Periodo_3",NA,NA,NA
"1282",1006,"Camila Vallejo Dowling","Periodo_4",-1.2351566718814,-1.26161554065059,-1.28807440941979
"1283",1006,"Camila Vallejo Dowling","Periodo_5",-0.785566677635683,-0.756043314268509,-0.726519950901335
"1284",1006,"Camila Vallejo Dowling","Periodo_6",NA,NA,NA
"1285",974,"Loreto Carvajal Ambiado","Periodo_1",NA,NA,NA
"1286",974,"Loreto Carvajal Ambiado","Periodo_2",NA,NA,NA
"1287",974,"Loreto Carvajal Ambiado","Periodo_3",NA,NA,NA
"1288",974,"Loreto Carvajal Ambiado","Periodo_4",-0.931933021111648,-0.958391889880842,-0.984850758650036
"1289",974,"Loreto Carvajal Ambiado","Periodo_5",-0.297494773049765,-0.267971409682591,-0.238448046315417
"1290",974,"Loreto Carvajal Ambiado","Periodo_6",NA,NA,NA
"1291",982,"Iván Flores García","Periodo_1",NA,NA,NA
"1292",982,"Iván Flores García","Periodo_2",NA,NA,NA
"1293",982,"Iván Flores García","Periodo_3",NA,NA,NA
"1294",982,"Iván Flores García","Periodo_4",-0.76533913000888,-0.791797998778074,-0.818256867547268
"1295",982,"Iván Flores García","Periodo_5",0.00613346504662601,0.0356568284138,0.065180191780974
"1296",982,"Iván Flores García","Periodo_6",NA,NA,NA
"1297",991,"Vlado Mirosevic Verdugo","Periodo_1",NA,NA,NA
"1298",991,"Vlado Mirosevic Verdugo","Periodo_2",NA,NA,NA
"1299",991,"Vlado Mirosevic Verdugo","Periodo_3",NA,NA,NA
"1300",991,"Vlado Mirosevic Verdugo","Periodo_4",-0.683605912660533,-0.710064781429603,-0.736523650198673
"1301",991,"Vlado Mirosevic Verdugo","Periodo_5",-0.544856858229453,-0.515336843083934,-0.485816827938416
"1302",991,"Vlado Mirosevic Verdugo","Periodo_6",-0.984810707856195,-1.00920357728103,-1.03359644670586
"1303",1000,"Luis Rocafull López","Periodo_1",NA,NA,NA
"1304",1000,"Luis Rocafull López","Periodo_2",NA,NA,NA
"1305",1000,"Luis Rocafull López","Periodo_3",NA,NA,NA
"1306",1000,"Luis Rocafull López","Periodo_4",-1.2554714464909,-1.2819303152601,-1.30838918402929
"1307",1000,"Luis Rocafull López","Periodo_5",-0.708150309440854,-0.67862694607368,-0.649103582706506
"1308",1000,"Luis Rocafull López","Periodo_6",NA,NA,NA
"1309",986,"Marcela Hernando Pérez","Periodo_1",NA,NA,NA
"1310",986,"Marcela Hernando Pérez","Periodo_2",NA,NA,NA
"1311",986,"Marcela Hernando Pérez","Periodo_3",NA,NA,NA
"1312",986,"Marcela Hernando Pérez","Periodo_4",-1.24784386403183,-1.27430273280103,-1.30076160157022
"1313",986,"Marcela Hernando Pérez","Periodo_5",-0.399381996764516,-0.369858633397342,-0.340335270030168
"1314",986,"Marcela Hernando Pérez","Periodo_6",NA,NA,NA
"1315",994,"Paulina Núñez Urrutia","Periodo_1",NA,NA,NA
"1316",994,"Paulina Núñez Urrutia","Periodo_2",NA,NA,NA
"1317",994,"Paulina Núñez Urrutia","Periodo_3",NA,NA,NA
"1318",994,"Paulina Núñez Urrutia","Periodo_4",0.069665036565385,0.0432061677961909,0.0167472990269967
"1319",994,"Paulina Núñez Urrutia","Periodo_5",0.838986709915684,0.868510073282858,0.898033436650032
"1320",994,"Paulina Núñez Urrutia","Periodo_6",NA,NA,NA
"1321",975,"Daniella Cicardini Milla","Periodo_1",NA,NA,NA
"1322",975,"Daniella Cicardini Milla","Periodo_2",NA,NA,NA
"1323",975,"Daniella Cicardini Milla","Periodo_3",NA,NA,NA
"1324",975,"Daniella Cicardini Milla","Periodo_4",-1.07998022701819,-1.10643909578726,-1.13289796455633
"1325",975,"Daniella Cicardini Milla","Periodo_5",-0.723148145192071,-0.693628130046553,-0.664108114901034
"1326",975,"Daniella Cicardini Milla","Periodo_6",-1.21565539129191,-1.24004826071674,-1.26444113014158
"1327",998,"Yasna Provoste Campillay","Periodo_1",NA,NA,NA
"1328",998,"Yasna Provoste Campillay","Periodo_2",NA,NA,NA
"1329",998,"Yasna Provoste Campillay","Periodo_3",NA,NA,NA
"1330",998,"Yasna Provoste Campillay","Periodo_4",-1.1114535756748,-1.13791485508466,-1.16437613449452
"1331",998,"Yasna Provoste Campillay","Periodo_5",NA,NA,NA
"1332",998,"Yasna Provoste Campillay","Periodo_6",NA,NA,NA
"1333",993,"Daniel Núñez Arancibia","Periodo_1",NA,NA,NA
"1334",993,"Daniel Núñez Arancibia","Periodo_2",NA,NA,NA
"1335",993,"Daniel Núñez Arancibia","Periodo_3",NA,NA,NA
"1336",993,"Daniel Núñez Arancibia","Periodo_4",-1.11724571251965,-1.14370458128884,-1.17016345005803
"1337",993,"Daniel Núñez Arancibia","Periodo_5",-0.743245038435484,-0.71372167506831,-0.684198311701136
"1338",993,"Daniel Núñez Arancibia","Periodo_6",NA,NA,NA
"1339",1004,"Christian Urízar Muñoz","Periodo_1",NA,NA,NA
"1340",1004,"Christian Urízar Muñoz","Periodo_2",NA,NA,NA
"1341",1004,"Christian Urízar Muñoz","Periodo_3",NA,NA,NA
"1342",1004,"Christian Urízar Muñoz","Periodo_4",-0.664484245772925,-0.690945525182784,-0.717406804592643
"1343",1004,"Christian Urízar Muñoz","Periodo_5",NA,NA,NA
"1344",1004,"Christian Urízar Muñoz","Periodo_6",NA,NA,NA
"1345",1005,"Osvaldo Urrutia Soto","Periodo_1",NA,NA,NA
"1346",1005,"Osvaldo Urrutia Soto","Periodo_2",NA,NA,NA
"1347",1005,"Osvaldo Urrutia Soto","Periodo_3",NA,NA,NA
"1348",1005,"Osvaldo Urrutia Soto","Periodo_4",0.107456194873806,0.080997326104612,0.0545384573354179
"1349",1005,"Osvaldo Urrutia Soto","Periodo_5",1.13605215480527,1.16557551817244,1.19509888153961
"1350",1005,"Osvaldo Urrutia Soto","Periodo_6",NA,NA,NA
"1351",980,"Daniel Farcas Guendelman","Periodo_1",NA,NA,NA
"1352",980,"Daniel Farcas Guendelman","Periodo_2",NA,NA,NA
"1353",980,"Daniel Farcas Guendelman","Periodo_3",NA,NA,NA
"1354",980,"Daniel Farcas Guendelman","Periodo_4",-0.815213619601359,-0.841674899011218,-0.868136178421076
"1355",980,"Daniel Farcas Guendelman","Periodo_5",NA,NA,NA
"1356",980,"Daniel Farcas Guendelman","Periodo_6",NA,NA,NA
"1357",973,"Karol Cariola Oliva","Periodo_1",NA,NA,NA
"1358",973,"Karol Cariola Oliva","Periodo_2",NA,NA,NA
"1359",973,"Karol Cariola Oliva","Periodo_3",NA,NA,NA
"1360",973,"Karol Cariola Oliva","Periodo_4",-1.15947454565253,-1.1859334144216,-1.21239228319067
"1361",973,"Karol Cariola Oliva","Periodo_5",-0.770834228276681,-0.741314213131163,-0.711794197985644
"1362",973,"Karol Cariola Oliva","Periodo_6",-1.17425150616459,-1.19864437558942,-1.22303724501425
"1363",981,"Maya Fernández Allende","Periodo_1",NA,NA,NA
"1364",981,"Maya Fernández Allende","Periodo_2",NA,NA,NA
"1365",981,"Maya Fernández Allende","Periodo_3",NA,NA,NA
"1366",981,"Maya Fernández Allende","Periodo_4",-1.29100572386423,-1.31746459263342,-1.34392346140262
"1367",981,"Maya Fernández Allende","Periodo_5",-0.843444216215943,-0.813920852848769,-0.784397489481595
"1368",981,"Maya Fernández Allende","Periodo_6",NA,NA,NA
"1369",987,"Giorgio Jackson Drago","Periodo_1",NA,NA,NA
"1370",987,"Giorgio Jackson Drago","Periodo_2",NA,NA,NA
"1371",987,"Giorgio Jackson Drago","Periodo_3",NA,NA,NA
"1372",987,"Giorgio Jackson Drago","Periodo_4",-0.817267281489021,-0.843726150258215,-0.870185019027409
"1373",987,"Giorgio Jackson Drago","Periodo_5",-0.916879401898223,-0.887356038531049,-0.857832675163875
"1374",987,"Giorgio Jackson Drago","Periodo_6",NA,NA,NA
"1375",988,"Felipe Kast Sommerhoff","Periodo_1",NA,NA,NA
"1376",988,"Felipe Kast Sommerhoff","Periodo_2",NA,NA,NA
"1377",988,"Felipe Kast Sommerhoff","Periodo_3",NA,NA,NA
"1378",988,"Felipe Kast Sommerhoff","Periodo_4",0.0215809930735868,-0.00488028633627207,-0.0313415657461309
"1379",988,"Felipe Kast Sommerhoff","Periodo_5",NA,NA,NA
"1380",988,"Felipe Kast Sommerhoff","Periodo_6",NA,NA,NA
"1381",996,"Jaime Pilowsky Greene","Periodo_1",NA,NA,NA
"1382",996,"Jaime Pilowsky Greene","Periodo_2",NA,NA,NA
"1383",996,"Jaime Pilowsky Greene","Periodo_3",NA,NA,NA
"1384",996,"Jaime Pilowsky Greene","Periodo_4",-0.997480015468952,-1.02394129487881,-1.05040257428867
"1385",996,"Jaime Pilowsky Greene","Periodo_5",NA,NA,NA
"1386",996,"Jaime Pilowsky Greene","Periodo_6",NA,NA,NA
"1387",969,"Claudio Arriagada Macaya","Periodo_1",NA,NA,NA
"1388",969,"Claudio Arriagada Macaya","Periodo_2",NA,NA,NA
"1389",969,"Claudio Arriagada Macaya","Periodo_3",NA,NA,NA
"1390",969,"Claudio Arriagada Macaya","Periodo_4",-1.17728846374066,-1.20374974315052,-1.23021102256038
"1391",969,"Claudio Arriagada Macaya","Periodo_5",NA,NA,NA
"1392",969,"Claudio Arriagada Macaya","Periodo_6",NA,NA,NA
"1393",990,"Daniel Melo Contreras","Periodo_1",NA,NA,NA
"1394",990,"Daniel Melo Contreras","Periodo_2",NA,NA,NA
"1395",990,"Daniel Melo Contreras","Periodo_3",NA,NA,NA
"1396",990,"Daniel Melo Contreras","Periodo_4",-1.16553957780716,-1.19199844657623,-1.2184573153453
"1397",990,"Daniel Melo Contreras","Periodo_5",NA,NA,NA
"1398",990,"Daniel Melo Contreras","Periodo_6",-0.919590582820546,-0.943983452245377,-0.968376321670208
"1399",970,"Jaime Bellolio Avaria","Periodo_1",NA,NA,NA
"1400",970,"Jaime Bellolio Avaria","Periodo_2",NA,NA,NA
"1401",970,"Jaime Bellolio Avaria","Periodo_3",NA,NA,NA
"1402",970,"Jaime Bellolio Avaria","Periodo_4",0.10332462894949,0.0768657601802955,0.0504068914111013
"1403",970,"Jaime Bellolio Avaria","Periodo_5",0.476595158380736,0.50611852174791,0.535641885115084
"1404",970,"Jaime Bellolio Avaria","Periodo_6",NA,NA,NA
"1405",1002,"Leonardo Soto Ferrada","Periodo_1",NA,NA,NA
"1406",1002,"Leonardo Soto Ferrada","Periodo_2",NA,NA,NA
"1407",1002,"Leonardo Soto Ferrada","Periodo_3",NA,NA,NA
"1408",1002,"Leonardo Soto Ferrada","Periodo_4",-1.43636382856973,-1.4628226973388,-1.48928156610787
"1409",1002,"Leonardo Soto Ferrada","Periodo_5",-0.45756732560021,-0.428047310454691,-0.398527295309172
"1410",1002,"Leonardo Soto Ferrada","Periodo_6",-0.924496988927261,-0.948889858352092,-0.973282727776923
"1411",976,"Juan Antonio Coloma Álamos","Periodo_1",NA,NA,NA
"1412",976,"Juan Antonio Coloma Álamos","Periodo_2",NA,NA,NA
"1413",976,"Juan Antonio Coloma Álamos","Periodo_3",NA,NA,NA
"1414",976,"Juan Antonio Coloma Álamos","Periodo_4",0.166429402385436,0.139970533616366,0.113511664847296
"1415",976,"Juan Antonio Coloma Álamos","Periodo_5",1.15956179063246,1.18908180577798,1.21860182092349
"1416",976,"Juan Antonio Coloma Álamos","Periodo_6",0.688236723808633,0.663843854383802,0.639450984958971
"1417",979,"Sergio Espejo Yaksic","Periodo_1",NA,NA,NA
"1418",979,"Sergio Espejo Yaksic","Periodo_2",NA,NA,NA
"1419",979,"Sergio Espejo Yaksic","Periodo_3",NA,NA,NA
"1420",979,"Sergio Espejo Yaksic","Periodo_4",-0.789587505952475,-0.816048785362334,-0.842510064772193
"1421",979,"Sergio Espejo Yaksic","Periodo_5",NA,NA,NA
"1422",979,"Sergio Espejo Yaksic","Periodo_6",NA,NA,NA
"1423",977,"Marcelo Chávez Velásquez","Periodo_1",NA,NA,NA
"1424",977,"Marcelo Chávez Velásquez","Periodo_2",NA,NA,NA
"1425",977,"Marcelo Chávez Velásquez","Periodo_3",NA,NA,NA
"1426",977,"Marcelo Chávez Velásquez","Periodo_4",-0.820462994088338,-0.846924273498197,-0.873385552908056
"1427",977,"Marcelo Chávez Velásquez","Periodo_5",NA,NA,NA
"1428",977,"Marcelo Chávez Velásquez","Periodo_6",NA,NA,NA
"1429",997,"Roberto Poblete Zapata","Periodo_1",NA,NA,NA
"1430",997,"Roberto Poblete Zapata","Periodo_2",NA,NA,NA
"1431",997,"Roberto Poblete Zapata","Periodo_3",NA,NA,NA
"1432",997,"Roberto Poblete Zapata","Periodo_4",-1.4536906447016,-1.48015192411146,-1.50661320352132
"1433",997,"Roberto Poblete Zapata","Periodo_5",NA,NA,NA
"1434",997,"Roberto Poblete Zapata","Periodo_6",NA,NA,NA
"1435",999,"Jorge Rathgeb Schifferli","Periodo_1",NA,NA,NA
"1436",999,"Jorge Rathgeb Schifferli","Periodo_2",NA,NA,NA
"1437",999,"Jorge Rathgeb Schifferli","Periodo_3",NA,NA,NA
"1438",999,"Jorge Rathgeb Schifferli","Periodo_4",0.0567712851041445,0.0303124163350744,0.00385354756600434
"1439",999,"Jorge Rathgeb Schifferli","Periodo_5",1.30743741812739,1.33695743327291,1.36647744841843
"1440",999,"Jorge Rathgeb Schifferli","Periodo_6",0.55272395536569,0.528331085940859,0.503938216516028
"1441",995,"Diego Paulsen Kehr","Periodo_1",NA,NA,NA
"1442",995,"Diego Paulsen Kehr","Periodo_2",NA,NA,NA
"1443",995,"Diego Paulsen Kehr","Periodo_3",NA,NA,NA
"1444",995,"Diego Paulsen Kehr","Periodo_4",0.139627093942243,0.113168225173049,0.086709356403855
"1445",995,"Diego Paulsen Kehr","Periodo_5",0.967814842505466,0.99733820587264,1.02686156923981
"1446",995,"Diego Paulsen Kehr","Periodo_6",NA,NA,NA
"1447",971,"Bernardo Berger Fett","Periodo_1",NA,NA,NA
"1448",971,"Bernardo Berger Fett","Periodo_2",NA,NA,NA
"1449",971,"Bernardo Berger Fett","Periodo_3",NA,NA,NA
"1450",971,"Bernardo Berger Fett","Periodo_4",0.0854998215862269,0.0590409528171568,0.0325820840480867
"1451",971,"Bernardo Berger Fett","Periodo_5",1.36056404301671,1.39008405816223,1.41960407330775
"1452",971,"Bernardo Berger Fett","Periodo_6",0.674921664269551,0.65052879484472,0.626135925419889
"1453",984,"Gonzalo Fuenzalida Figueroa","Periodo_1",NA,NA,NA
"1454",984,"Gonzalo Fuenzalida Figueroa","Periodo_2",NA,NA,NA
"1455",984,"Gonzalo Fuenzalida Figueroa","Periodo_3",NA,NA,NA
"1456",984,"Gonzalo Fuenzalida Figueroa","Periodo_4",0.101731639153939,0.0752727703847453,0.0488139016155511
"1457",984,"Gonzalo Fuenzalida Figueroa","Periodo_5",1.01467080066619,1.04419416403336,1.07371752740053
"1458",984,"Gonzalo Fuenzalida Figueroa","Periodo_6",NA,NA,NA
"1459",968,"Jenny Álvarez Vera","Periodo_1",NA,NA,NA
"1460",968,"Jenny Álvarez Vera","Periodo_2",NA,NA,NA
"1461",968,"Jenny Álvarez Vera","Periodo_3",NA,NA,NA
"1462",968,"Jenny Álvarez Vera","Periodo_4",-0.856222016355331,-0.882680885124526,-0.90913975389372
"1463",968,"Jenny Álvarez Vera","Periodo_5",-0.504790136321952,-0.475266772954778,-0.445743409587604
"1464",968,"Jenny Álvarez Vera","Periodo_6",NA,NA,NA
"1465",972,"Gabriel Boric Font","Periodo_1",NA,NA,NA
"1466",972,"Gabriel Boric Font","Periodo_2",NA,NA,NA
"1467",972,"Gabriel Boric Font","Periodo_3",NA,NA,NA
"1468",972,"Gabriel Boric Font","Periodo_4",-0.48294770634341,-0.509406575112604,-0.535865443881798
"1469",972,"Gabriel Boric Font","Periodo_5",-0.470045372668032,-0.440522009300858,-0.410998645933684
"1470",972,"Gabriel Boric Font","Periodo_6",NA,NA,NA
"1471",978,"Felipe De Mussy Hiriart","Periodo_1",NA,NA,NA
"1472",978,"Felipe De Mussy Hiriart","Periodo_2",NA,NA,NA
"1473",978,"Felipe De Mussy Hiriart","Periodo_3",NA,NA,NA
"1474",978,"Felipe De Mussy Hiriart","Periodo_4",0.147076228071243,0.120614948661384,0.0941536692515253
"1475",978,"Felipe De Mussy Hiriart","Periodo_5",NA,NA,NA
"1476",978,"Felipe De Mussy Hiriart","Periodo_6",NA,NA,NA
"1477",992,"Juan Enrique Morano Cornejo","Periodo_1",NA,NA,NA
"1478",992,"Juan Enrique Morano Cornejo","Periodo_2",NA,NA,NA
"1479",992,"Juan Enrique Morano Cornejo","Periodo_3",NA,NA,NA
"1480",992,"Juan Enrique Morano Cornejo","Periodo_4",-0.771581901907056,-0.798043181316914,-0.824504460726773
"1481",992,"Juan Enrique Morano Cornejo","Periodo_5",NA,NA,NA
"1482",992,"Juan Enrique Morano Cornejo","Periodo_6",NA,NA,NA
"1483",985,"Sergio Gahona Salazar","Periodo_1",NA,NA,NA
"1484",985,"Sergio Gahona Salazar","Periodo_2",NA,NA,NA
"1485",985,"Sergio Gahona Salazar","Periodo_3",NA,NA,NA
"1486",985,"Sergio Gahona Salazar","Periodo_4",0.0832781309531336,0.0568192621839394,0.0303603934147452
"1487",985,"Sergio Gahona Salazar","Periodo_5",0.921006783369083,0.950530146736257,0.980053510103431
"1488",985,"Sergio Gahona Salazar","Periodo_6",NA,NA,NA
"1489",983,"Iván Fuentes Castillo","Periodo_1",NA,NA,NA
"1490",983,"Iván Fuentes Castillo","Periodo_2",NA,NA,NA
"1491",983,"Iván Fuentes Castillo","Periodo_3",NA,NA,NA
"1492",983,"Iván Fuentes Castillo","Periodo_4",-1.03917021949529,-1.06563149890515,-1.09209277831501
"1493",983,"Iván Fuentes Castillo","Periodo_5",NA,NA,NA
"1494",983,"Iván Fuentes Castillo","Periodo_6",NA,NA,NA
"1495",1007,"Miguel Ángel Alvarado Ramírez","Periodo_1",NA,NA,NA
"1496",1007,"Miguel Ángel Alvarado Ramírez","Periodo_2",NA,NA,NA
"1497",1007,"Miguel Ángel Alvarado Ramírez","Periodo_3",NA,NA,NA
"1498",1007,"Miguel Ángel Alvarado Ramírez","Periodo_4",-0.408878630927404,-0.435339910337263,-0.461801189747122
"1499",1007,"Miguel Ángel Alvarado Ramírez","Periodo_5",NA,NA,NA
"1500",1007,"Miguel Ángel Alvarado Ramírez","Periodo_6",NA,NA,NA
"1501",1008,"Florcita Alarcón Rojas","Periodo_1",NA,NA,NA
"1502",1008,"Florcita Alarcón Rojas","Periodo_2",NA,NA,NA
"1503",1008,"Florcita Alarcón Rojas","Periodo_3",NA,NA,NA
"1504",1008,"Florcita Alarcón Rojas","Periodo_4",NA,NA,NA
"1505",1008,"Florcita Alarcón Rojas","Periodo_5",-1.06421267181705,-1.03468763426279,-1.00516259670853
"1506",1008,"Florcita Alarcón Rojas","Periodo_6",NA,NA,NA
"1507",1009,"Jorge Alessandri Vergara","Periodo_1",NA,NA,NA
"1508",1009,"Jorge Alessandri Vergara","Periodo_2",NA,NA,NA
"1509",1009,"Jorge Alessandri Vergara","Periodo_3",NA,NA,NA
"1510",1009,"Jorge Alessandri Vergara","Periodo_4",NA,NA,NA
"1511",1009,"Jorge Alessandri Vergara","Periodo_5",0.931431151948751,0.96095284071178,0.990474529474809
"1512",1009,"Jorge Alessandri Vergara","Periodo_6",0.444156720928419,0.419763851503531,0.395370982078644
"1513",1010,"Sebastián Álvarez Ramírez","Periodo_1",NA,NA,NA
"1514",1010,"Sebastián Álvarez Ramírez","Periodo_2",NA,NA,NA
"1515",1010,"Sebastián Álvarez Ramírez","Periodo_3",NA,NA,NA
"1516",1010,"Sebastián Álvarez Ramírez","Periodo_4",NA,NA,NA
"1517",1010,"Sebastián Álvarez Ramírez","Periodo_5",1.07589163210511,1.10541666965937,1.13494170721362
"1518",1010,"Sebastián Álvarez Ramírez","Periodo_6",NA,NA,NA
"1519",1011,"Sandra Amar Mancilla","Periodo_1",NA,NA,NA
"1520",1011,"Sandra Amar Mancilla","Periodo_2",NA,NA,NA
"1521",1011,"Sandra Amar Mancilla","Periodo_3",NA,NA,NA
"1522",1011,"Sandra Amar Mancilla","Periodo_4",NA,NA,NA
"1523",1011,"Sandra Amar Mancilla","Periodo_5",0.785714548195503,0.81523958574976,0.844764623304017
"1524",1011,"Sandra Amar Mancilla","Periodo_6",NA,NA,NA
"1525",1012,"Boris Barrera Moreno","Periodo_1",NA,NA,NA
"1526",1012,"Boris Barrera Moreno","Periodo_2",NA,NA,NA
"1527",1012,"Boris Barrera Moreno","Periodo_3",NA,NA,NA
"1528",1012,"Boris Barrera Moreno","Periodo_4",NA,NA,NA
"1529",1012,"Boris Barrera Moreno","Periodo_5",-0.925903844367761,-0.896382155604732,-0.866860466841702
"1530",1012,"Boris Barrera Moreno","Periodo_6",-1.793151821092,-1.81754469051689,-1.84193755994178
"1531",1013,"Alejandro Bernales Maldonado","Periodo_1",NA,NA,NA
"1532",1013,"Alejandro Bernales Maldonado","Periodo_2",NA,NA,NA
"1533",1013,"Alejandro Bernales Maldonado","Periodo_3",NA,NA,NA
"1534",1013,"Alejandro Bernales Maldonado","Periodo_4",NA,NA,NA
"1535",1013,"Alejandro Bernales Maldonado","Periodo_5",-0.598682359439955,-0.569160670676925,-0.539638981913896
"1536",1013,"Alejandro Bernales Maldonado","Periodo_6",-0.780352160813994,-0.804745030238882,-0.829137899663769
"1537",1014,"Karim Bianchi Retamales","Periodo_1",NA,NA,NA
"1538",1014,"Karim Bianchi Retamales","Periodo_2",NA,NA,NA
"1539",1014,"Karim Bianchi Retamales","Periodo_3",NA,NA,NA
"1540",1014,"Karim Bianchi Retamales","Periodo_4",NA,NA,NA
"1541",1014,"Karim Bianchi Retamales","Periodo_5",-0.060955953123854,-0.031430915569597,-0.00190587801534003
"1542",1014,"Karim Bianchi Retamales","Periodo_6",NA,NA,NA
"1543",1015,"Jorge Brito Hasbún","Periodo_1",NA,NA,NA
"1544",1015,"Jorge Brito Hasbún","Periodo_2",NA,NA,NA
"1545",1015,"Jorge Brito Hasbún","Periodo_3",NA,NA,NA
"1546",1015,"Jorge Brito Hasbún","Periodo_4",NA,NA,NA
"1547",1015,"Jorge Brito Hasbún","Periodo_5",-0.878486464053327,-0.848964775290298,-0.819443086527268
"1548",1015,"Jorge Brito Hasbún","Periodo_6",-0.994947957249435,-1.01934082667432,-1.04373369609921
"1549",1016,"Miguel Ángel Calisto Águila","Periodo_1",NA,NA,NA
"1550",1016,"Miguel Ángel Calisto Águila","Periodo_2",NA,NA,NA
"1551",1016,"Miguel Ángel Calisto Águila","Periodo_3",NA,NA,NA
"1552",1016,"Miguel Ángel Calisto Águila","Periodo_4",NA,NA,NA
"1553",1016,"Miguel Ángel Calisto Águila","Periodo_5",0.264406509980874,0.293928198743903,0.323449887506933
"1554",1016,"Miguel Ángel Calisto Águila","Periodo_6",-0.234069537935073,-0.25846240735996,-0.282855276784848
"1555",1017,"Álvaro Carter Fernández","Periodo_1",NA,NA,NA
"1556",1017,"Álvaro Carter Fernández","Periodo_2",NA,NA,NA
"1557",1017,"Álvaro Carter Fernández","Periodo_3",NA,NA,NA
"1558",1017,"Álvaro Carter Fernández","Periodo_4",NA,NA,NA
"1559",1017,"Álvaro Carter Fernández","Periodo_5",0.916395135890064,0.945916824653093,0.975438513416123
"1560",1017,"Álvaro Carter Fernández","Periodo_6",0.595313026775203,0.570920157350316,0.546527287925428
"1561",1018,"Natalia Castillo Muñoz","Periodo_1",NA,NA,NA
"1562",1018,"Natalia Castillo Muñoz","Periodo_2",NA,NA,NA
"1563",1018,"Natalia Castillo Muñoz","Periodo_3",NA,NA,NA
"1564",1018,"Natalia Castillo Muñoz","Periodo_4",NA,NA,NA
"1565",1018,"Natalia Castillo Muñoz","Periodo_5",-0.993128098472057,-0.9636030609178,-0.934078023363544
"1566",1018,"Natalia Castillo Muñoz","Periodo_6",NA,NA,NA
"1567",1019,"José Miguel Castro Bascuñán","Periodo_1",NA,NA,NA
"1568",1019,"José Miguel Castro Bascuñán","Periodo_2",NA,NA,NA
"1569",1019,"José Miguel Castro Bascuñán","Periodo_3",NA,NA,NA
"1570",1019,"José Miguel Castro Bascuñán","Periodo_4",NA,NA,NA
"1571",1019,"José Miguel Castro Bascuñán","Periodo_5",1.34404064627289,1.37356233503592,1.40308402379895
"1572",1019,"José Miguel Castro Bascuñán","Periodo_6",0.433791600811746,0.409398731386858,0.385005861961971
"1573",1020,"Ricardo Celis Araya","Periodo_1",NA,NA,NA
"1574",1020,"Ricardo Celis Araya","Periodo_2",NA,NA,NA
"1575",1020,"Ricardo Celis Araya","Periodo_3",NA,NA,NA
"1576",1020,"Ricardo Celis Araya","Periodo_4",NA,NA,NA
"1577",1020,"Ricardo Celis Araya","Periodo_5",-0.494607037225959,-0.465081999671702,-0.435556962117445
"1578",1020,"Ricardo Celis Araya","Periodo_6",NA,NA,NA
"1579",1021,"Andrés Celis Montt","Periodo_1",NA,NA,NA
"1580",1021,"Andrés Celis Montt","Periodo_2",NA,NA,NA
"1581",1021,"Andrés Celis Montt","Periodo_3",NA,NA,NA
"1582",1021,"Andrés Celis Montt","Periodo_4",NA,NA,NA
"1583",1021,"Andrés Celis Montt","Periodo_5",0.796246111179739,0.825767799942769,0.855289488705798
"1584",1021,"Andrés Celis Montt","Periodo_6",0.496390522973842,0.471997653548954,0.447604784124067
"1585",1022,"Sofía Cid Versalovic","Periodo_1",NA,NA,NA
"1586",1022,"Sofía Cid Versalovic","Periodo_2",NA,NA,NA
"1587",1022,"Sofía Cid Versalovic","Periodo_3",NA,NA,NA
"1588",1022,"Sofía Cid Versalovic","Periodo_4",NA,NA,NA
"1589",1022,"Sofía Cid Versalovic","Periodo_5",0.931775293797214,0.961296982560244,0.990818671323273
"1590",1022,"Sofía Cid Versalovic","Periodo_6",0.788653281512387,0.7642604120875,0.739867542662612
"1591",1023,"Miguel Crispi Serrano","Periodo_1",NA,NA,NA
"1592",1023,"Miguel Crispi Serrano","Periodo_2",NA,NA,NA
"1593",1023,"Miguel Crispi Serrano","Periodo_3",NA,NA,NA
"1594",1023,"Miguel Crispi Serrano","Periodo_4",NA,NA,NA
"1595",1023,"Miguel Crispi Serrano","Periodo_5",-0.804792063990813,-0.775267026436556,-0.745741988882299
"1596",1023,"Miguel Crispi Serrano","Periodo_6",NA,NA,NA
"1597",1024,"Luciano Cruz-Coke Carvallo","Periodo_1",NA,NA,NA
"1598",1024,"Luciano Cruz-Coke Carvallo","Periodo_2",NA,NA,NA
"1599",1024,"Luciano Cruz-Coke Carvallo","Periodo_3",NA,NA,NA
"1600",1024,"Luciano Cruz-Coke Carvallo","Periodo_4",NA,NA,NA
"1601",1024,"Luciano Cruz-Coke Carvallo","Periodo_5",1.04216541327339,1.07169045082765,1.1012154883819
"1602",1024,"Luciano Cruz-Coke Carvallo","Periodo_6",NA,NA,NA
"1603",1025,"Catalina Del Real Mihovilovic","Periodo_1",NA,NA,NA
"1604",1025,"Catalina Del Real Mihovilovic","Periodo_2",NA,NA,NA
"1605",1025,"Catalina Del Real Mihovilovic","Periodo_3",NA,NA,NA
"1606",1025,"Catalina Del Real Mihovilovic","Periodo_4",NA,NA,NA
"1607",1025,"Catalina Del Real Mihovilovic","Periodo_5",0.960916140630538,0.990437829393567,1.0199595181566
"1608",1025,"Catalina Del Real Mihovilovic","Periodo_6",0.584569141069721,0.560176271644834,0.535783402219946
"1609",1027,"Jorge Durán Espinoza","Periodo_1",NA,NA,NA
"1610",1027,"Jorge Durán Espinoza","Periodo_2",NA,NA,NA
"1611",1027,"Jorge Durán Espinoza","Periodo_3",NA,NA,NA
"1612",1027,"Jorge Durán Espinoza","Periodo_4",NA,NA,NA
"1613",1027,"Jorge Durán Espinoza","Periodo_5",0.603883915217851,0.63340560398088,0.66292729274391
"1614",1027,"Jorge Durán Espinoza","Periodo_6",0.181945734805388,0.157552865380501,0.133159995955613
"1615",1028,"Eduardo Durán Salinas","Periodo_1",NA,NA,NA
"1616",1028,"Eduardo Durán Salinas","Periodo_2",NA,NA,NA
"1617",1028,"Eduardo Durán Salinas","Periodo_3",NA,NA,NA
"1618",1028,"Eduardo Durán Salinas","Periodo_4",NA,NA,NA
"1619",1028,"Eduardo Durán Salinas","Periodo_5",0.837665040146382,0.867186728909411,0.896708417672441
"1620",1028,"Eduardo Durán Salinas","Periodo_6",0.434252786013007,0.409859916588119,0.385467047163232
"1621",1029,"Francisco Eguiguren Correa","Periodo_1",NA,NA,NA
"1622",1029,"Francisco Eguiguren Correa","Periodo_2",NA,NA,NA
"1623",1029,"Francisco Eguiguren Correa","Periodo_3",NA,NA,NA
"1624",1029,"Francisco Eguiguren Correa","Periodo_4",NA,NA,NA
"1625",1029,"Francisco Eguiguren Correa","Periodo_5",1.00353279018071,1.03305782773497,1.06258286528923
"1626",1029,"Francisco Eguiguren Correa","Periodo_6",NA,NA,NA
"1627",1030,"Camila Flores Oporto","Periodo_1",NA,NA,NA
"1628",1030,"Camila Flores Oporto","Periodo_2",NA,NA,NA
"1629",1030,"Camila Flores Oporto","Periodo_3",NA,NA,NA
"1630",1030,"Camila Flores Oporto","Periodo_4",NA,NA,NA
"1631",1030,"Camila Flores Oporto","Periodo_5",0.935036854847989,0.964558543611018,0.994080232374048
"1632",1030,"Camila Flores Oporto","Periodo_6",0.199795884644504,0.175403015219616,0.151010145794729
"1633",1031,"Juan Fuenzalida Cobo","Periodo_1",NA,NA,NA
"1634",1031,"Juan Fuenzalida Cobo","Periodo_2",NA,NA,NA
"1635",1031,"Juan Fuenzalida Cobo","Periodo_3",NA,NA,NA
"1636",1031,"Juan Fuenzalida Cobo","Periodo_4",NA,NA,NA
"1637",1031,"Juan Fuenzalida Cobo","Periodo_5",1.07385496446486,1.10337665322789,1.13289834199091
"1638",1031,"Juan Fuenzalida Cobo","Periodo_6",0.520277951493613,0.495885082068726,0.471492212643838
"1639",1032,"Ramón Galleguillos Castillo","Periodo_1",NA,NA,NA
"1640",1032,"Ramón Galleguillos Castillo","Periodo_2",NA,NA,NA
"1641",1032,"Ramón Galleguillos Castillo","Periodo_3",NA,NA,NA
"1642",1032,"Ramón Galleguillos Castillo","Periodo_4",NA,NA,NA
"1643",1032,"Ramón Galleguillos Castillo","Periodo_5",1.06953833312123,1.09906337067549,1.12858840822974
"1644",1032,"Ramón Galleguillos Castillo","Periodo_6",NA,NA,NA
"1645",1034,"Félix González Gatica","Periodo_1",NA,NA,NA
"1646",1034,"Félix González Gatica","Periodo_2",NA,NA,NA
"1647",1034,"Félix González Gatica","Periodo_3",NA,NA,NA
"1648",1034,"Félix González Gatica","Periodo_4",NA,NA,NA
"1649",1034,"Félix González Gatica","Periodo_5",-1.26192623680208,-1.23240454803905,-1.20288285927602
"1650",1034,"Félix González Gatica","Periodo_6",-1.23307609550186,-1.25746896492675,-1.28186183435164
"1651",1036,"Tomás Hirsch Goldschmidt","Periodo_1",NA,NA,NA
"1652",1036,"Tomás Hirsch Goldschmidt","Periodo_2",NA,NA,NA
"1653",1036,"Tomás Hirsch Goldschmidt","Periodo_3",NA,NA,NA
"1654",1036,"Tomás Hirsch Goldschmidt","Periodo_4",NA,NA,NA
"1655",1036,"Tomás Hirsch Goldschmidt","Periodo_5",-0.896515019627211,-0.866993330864182,-0.837471642101152
"1656",1036,"Tomás Hirsch Goldschmidt","Periodo_6",-0.983163119595474,-1.00755598902036,-1.03194885844525
"1657",1037,"Diego Ibáñez Cotroneo","Periodo_1",NA,NA,NA
"1658",1037,"Diego Ibáñez Cotroneo","Periodo_2",NA,NA,NA
"1659",1037,"Diego Ibáñez Cotroneo","Periodo_3",NA,NA,NA
"1660",1037,"Diego Ibáñez Cotroneo","Periodo_4",NA,NA,NA
"1661",1037,"Diego Ibáñez Cotroneo","Periodo_5",-0.88769495339083,-0.858173264627801,-0.828651575864771
"1662",1037,"Diego Ibáñez Cotroneo","Periodo_6",-1.38390640495639,-1.40829927438128,-1.43269214380617
"1663",1038,"Marcos Ilabaca Cerda","Periodo_1",NA,NA,NA
"1664",1038,"Marcos Ilabaca Cerda","Periodo_2",NA,NA,NA
"1665",1038,"Marcos Ilabaca Cerda","Periodo_3",NA,NA,NA
"1666",1038,"Marcos Ilabaca Cerda","Periodo_4",NA,NA,NA
"1667",1038,"Marcos Ilabaca Cerda","Periodo_5",-0.780839777248199,-0.75131808848517,-0.72179639972214
"1668",1038,"Marcos Ilabaca Cerda","Periodo_6",-0.986701017930807,-1.01109388735569,-1.03548675678058
"1669",1039,"Pamela Jiles Moreno","Periodo_1",NA,NA,NA
"1670",1039,"Pamela Jiles Moreno","Periodo_2",NA,NA,NA
"1671",1039,"Pamela Jiles Moreno","Periodo_3",NA,NA,NA
"1672",1039,"Pamela Jiles Moreno","Periodo_4",NA,NA,NA
"1673",1039,"Pamela Jiles Moreno","Periodo_5",-0.544084757797835,-0.514563069034805,-0.485041380271776
"1674",1039,"Pamela Jiles Moreno","Periodo_6",-0.537395081979402,-0.56178795140429,-0.586180820829177
"1675",1040,"Harry Jürgensen Rundshagen","Periodo_1",NA,NA,NA
"1676",1040,"Harry Jürgensen Rundshagen","Periodo_2",NA,NA,NA
"1677",1040,"Harry Jürgensen Rundshagen","Periodo_3",NA,NA,NA
"1678",1040,"Harry Jürgensen Rundshagen","Periodo_4",NA,NA,NA
"1679",1040,"Harry Jürgensen Rundshagen","Periodo_5",1.24437860749558,1.27390029625861,1.30342198502164
"1680",1040,"Harry Jürgensen Rundshagen","Periodo_6",0.967788264677517,0.94339539525263,0.919002525827742
"1681",1042,"Sebastián Keitel Bianchi","Periodo_1",NA,NA,NA
"1682",1042,"Sebastián Keitel Bianchi","Periodo_2",NA,NA,NA
"1683",1042,"Sebastián Keitel Bianchi","Periodo_3",NA,NA,NA
"1684",1042,"Sebastián Keitel Bianchi","Periodo_4",NA,NA,NA
"1685",1042,"Sebastián Keitel Bianchi","Periodo_5",0.779934669836033,0.80945970739029,0.838984744944547
"1686",1042,"Sebastián Keitel Bianchi","Periodo_6",NA,NA,NA
"1687",1044,"Raúl Leiva Carvajal","Periodo_1",NA,NA,NA
"1688",1044,"Raúl Leiva Carvajal","Periodo_2",NA,NA,NA
"1689",1044,"Raúl Leiva Carvajal","Periodo_3",NA,NA,NA
"1690",1044,"Raúl Leiva Carvajal","Periodo_4",NA,NA,NA
"1691",1044,"Raúl Leiva Carvajal","Periodo_5",-0.466406567575192,-0.436884878812163,-0.407363190049133
"1692",1044,"Raúl Leiva Carvajal","Periodo_6",-0.852227801850955,-0.876620671275842,-0.90101354070073
"1693",1046,"Andrés Longton Herrera","Periodo_1",NA,NA,NA
"1694",1046,"Andrés Longton Herrera","Periodo_2",NA,NA,NA
"1695",1046,"Andrés Longton Herrera","Periodo_3",NA,NA,NA
"1696",1046,"Andrés Longton Herrera","Periodo_4",NA,NA,NA
"1697",1046,"Andrés Longton Herrera","Periodo_5",1.06961136973638,1.09913305849941,1.12865474726244
"1698",1046,"Andrés Longton Herrera","Periodo_6",0.56109868041134,0.536705810986453,0.512312941561565
"1699",1047,"Karin Luck Urban","Periodo_1",NA,NA,NA
"1700",1047,"Karin Luck Urban","Periodo_2",NA,NA,NA
"1701",1047,"Karin Luck Urban","Periodo_3",NA,NA,NA
"1702",1047,"Karin Luck Urban","Periodo_4",NA,NA,NA
"1703",1047,"Karin Luck Urban","Periodo_5",1.28778456887606,1.31730960643031,1.34683464398457
"1704",1047,"Karin Luck Urban","Periodo_6",NA,NA,NA
"1705",1048,"Carolina Marzán Pinto","Periodo_1",NA,NA,NA
"1706",1048,"Carolina Marzán Pinto","Periodo_2",NA,NA,NA
"1707",1048,"Carolina Marzán Pinto","Periodo_3",NA,NA,NA
"1708",1048,"Carolina Marzán Pinto","Periodo_4",NA,NA,NA
"1709",1048,"Carolina Marzán Pinto","Periodo_5",-0.592060601506213,-0.562538912743184,-0.533017223980154
"1710",1048,"Carolina Marzán Pinto","Periodo_6",-0.606556033976628,-0.630948903401515,-0.655341772826403
"1711",660,"Manuel Matta Aragay","Periodo_1",NA,NA,NA
"1712",660,"Manuel Matta Aragay","Periodo_2",NA,NA,NA
"1713",660,"Manuel Matta Aragay","Periodo_3",NA,NA,NA
"1714",660,"Manuel Matta Aragay","Periodo_4",NA,NA,NA
"1715",660,"Manuel Matta Aragay","Periodo_5",0.190352563953794,0.219877601508051,0.249402639062308
"1716",660,"Manuel Matta Aragay","Periodo_6",NA,NA,NA
"1717",1049,"Cosme Mellado Pino","Periodo_1",NA,NA,NA
"1718",1049,"Cosme Mellado Pino","Periodo_2",NA,NA,NA
"1719",1049,"Cosme Mellado Pino","Periodo_3",NA,NA,NA
"1720",1049,"Cosme Mellado Pino","Periodo_4",NA,NA,NA
"1721",1049,"Cosme Mellado Pino","Periodo_5",-0.423199379517534,-0.393677690754505,-0.364156001991476
"1722",1049,"Cosme Mellado Pino","Periodo_6",-1.14852509538498,-1.17291796480987,-1.19731083423475
"1723",1050,"Miguel Mellado Suazo","Periodo_1",NA,NA,NA
"1724",1050,"Miguel Mellado Suazo","Periodo_2",NA,NA,NA
"1725",1050,"Miguel Mellado Suazo","Periodo_3",NA,NA,NA
"1726",1050,"Miguel Mellado Suazo","Periodo_4",NA,NA,NA
"1727",1050,"Miguel Mellado Suazo","Periodo_5",1.28055394778332,1.31007563654635,1.33959732530938
"1728",1050,"Miguel Mellado Suazo","Periodo_6",0.750037151173285,0.725644281748397,0.70125141232351
"1729",1051,"Claudia Mix Jiménez","Periodo_1",NA,NA,NA
"1730",1051,"Claudia Mix Jiménez","Periodo_2",NA,NA,NA
"1731",1051,"Claudia Mix Jiménez","Periodo_3",NA,NA,NA
"1732",1051,"Claudia Mix Jiménez","Periodo_4",NA,NA,NA
"1733",1051,"Claudia Mix Jiménez","Periodo_5",-1.02954867803336,-1.00002698927033,-0.970505300507304
"1734",1051,"Claudia Mix Jiménez","Periodo_6",-1.31876024576421,-1.34315311518909,-1.36754598461398
"1735",1052,"Andrés Molina Magofke","Periodo_1",NA,NA,NA
"1736",1052,"Andrés Molina Magofke","Periodo_2",NA,NA,NA
"1737",1052,"Andrés Molina Magofke","Periodo_3",NA,NA,NA
"1738",1052,"Andrés Molina Magofke","Periodo_4",NA,NA,NA
"1739",1052,"Andrés Molina Magofke","Periodo_5",1.12234716035082,1.15187219790507,1.18139723545933
"1740",1052,"Andrés Molina Magofke","Periodo_6",NA,NA,NA
"1741",1053,"Cristhian Moreira Barros","Periodo_1",NA,NA,NA
"1742",1053,"Cristhian Moreira Barros","Periodo_2",NA,NA,NA
"1743",1053,"Cristhian Moreira Barros","Periodo_3",NA,NA,NA
"1744",1053,"Cristhian Moreira Barros","Periodo_4",NA,NA,NA
"1745",1053,"Cristhian Moreira Barros","Periodo_5",1.25220673222152,1.28172842098455,1.31125010974758
"1746",1053,"Cristhian Moreira Barros","Periodo_6",0.624481862641484,0.600088993216596,0.575696123791709
"1747",1054,"Francesca Muñoz González","Periodo_1",NA,NA,NA
"1748",1054,"Francesca Muñoz González","Periodo_2",NA,NA,NA
"1749",1054,"Francesca Muñoz González","Periodo_3",NA,NA,NA
"1750",1054,"Francesca Muñoz González","Periodo_4",NA,NA,NA
"1751",1054,"Francesca Muñoz González","Periodo_5",1.16355212170098,1.19307381046401,1.22259549922703
"1752",1054,"Francesca Muñoz González","Periodo_6",0.580694310623478,0.55630144119859,0.531908571773703
"1753",74,"Jaime Naranjo Ortiz","Periodo_1",NA,NA,NA
"1754",74,"Jaime Naranjo Ortiz","Periodo_2",NA,NA,NA
"1755",74,"Jaime Naranjo Ortiz","Periodo_3",NA,NA,NA
"1756",74,"Jaime Naranjo Ortiz","Periodo_4",NA,NA,NA
"1757",74,"Jaime Naranjo Ortiz","Periodo_5",-0.663741723822228,-0.634220035059199,-0.60469834629617
"1758",74,"Jaime Naranjo Ortiz","Periodo_6",-1.18436928600981,-1.2087621554347,-1.23315502485959
"1759",1055,"Nicolás Noman Garrido","Periodo_1",NA,NA,NA
"1760",1055,"Nicolás Noman Garrido","Periodo_2",NA,NA,NA
"1761",1055,"Nicolás Noman Garrido","Periodo_3",NA,NA,NA
"1762",1055,"Nicolás Noman Garrido","Periodo_4",NA,NA,NA
"1763",1055,"Nicolás Noman Garrido","Periodo_5",0.751575937231358,0.781100974785615,0.810626012339872
"1764",1055,"Nicolás Noman Garrido","Periodo_6",NA,NA,NA
"1765",1056,"Emilia Nuyado Ancapichún","Periodo_1",NA,NA,NA
"1766",1056,"Emilia Nuyado Ancapichún","Periodo_2",NA,NA,NA
"1767",1056,"Emilia Nuyado Ancapichún","Periodo_3",NA,NA,NA
"1768",1056,"Emilia Nuyado Ancapichún","Periodo_4",NA,NA,NA
"1769",1056,"Emilia Nuyado Ancapichún","Periodo_5",-0.814024116934163,-0.784502428171134,-0.754980739408105
"1770",1056,"Emilia Nuyado Ancapichún","Periodo_6",-1.00141480442924,-1.02580767385413,-1.05020054327901
"1771",1057,"Erika Olivera De La Fuente","Periodo_1",NA,NA,NA
"1772",1057,"Erika Olivera De La Fuente","Periodo_2",NA,NA,NA
"1773",1057,"Erika Olivera De La Fuente","Periodo_3",NA,NA,NA
"1774",1057,"Erika Olivera De La Fuente","Periodo_4",NA,NA,NA
"1775",1057,"Erika Olivera De La Fuente","Periodo_5",0.724802935258497,0.754324624021526,0.783846312784556
"1776",1057,"Erika Olivera De La Fuente","Periodo_6",-0.366667703309291,-0.391060572734179,-0.415453442159067
"1777",1058,"Maite Orsini Pascal","Periodo_1",NA,NA,NA
"1778",1058,"Maite Orsini Pascal","Periodo_2",NA,NA,NA
"1779",1058,"Maite Orsini Pascal","Periodo_3",NA,NA,NA
"1780",1058,"Maite Orsini Pascal","Periodo_4",NA,NA,NA
"1781",1058,"Maite Orsini Pascal","Periodo_5",-0.571589645388581,-0.542067956625551,-0.512546267862522
"1782",1058,"Maite Orsini Pascal","Periodo_6",-0.765012492890422,-0.78940536231531,-0.813798231740197
"1783",1059,"Ximena Ossandón Irarrázabal","Periodo_1",NA,NA,NA
"1784",1059,"Ximena Ossandón Irarrázabal","Periodo_2",NA,NA,NA
"1785",1059,"Ximena Ossandón Irarrázabal","Periodo_3",NA,NA,NA
"1786",1059,"Ximena Ossandón Irarrázabal","Periodo_4",NA,NA,NA
"1787",1059,"Ximena Ossandón Irarrázabal","Periodo_5",1.04447726181364,1.07399895057667,1.1035206393397
"1788",1059,"Ximena Ossandón Irarrázabal","Periodo_6",0.442840933912628,0.41844806448774,0.394055195062852
"1789",1060,"Luis Pardo Sáinz","Periodo_1",NA,NA,NA
"1790",1060,"Luis Pardo Sáinz","Periodo_2",NA,NA,NA
"1791",1060,"Luis Pardo Sáinz","Periodo_3",NA,NA,NA
"1792",1060,"Luis Pardo Sáinz","Periodo_4",NA,NA,NA
"1793",1060,"Luis Pardo Sáinz","Periodo_5",1.4798672079413,1.50939224549555,1.53891728304981
"1794",1060,"Luis Pardo Sáinz","Periodo_6",NA,NA,NA
"1795",1061,"Andrea Parra Sauterel","Periodo_1",NA,NA,NA
"1796",1061,"Andrea Parra Sauterel","Periodo_2",NA,NA,NA
"1797",1061,"Andrea Parra Sauterel","Periodo_3",NA,NA,NA
"1798",1061,"Andrea Parra Sauterel","Periodo_4",NA,NA,NA
"1799",1061,"Andrea Parra Sauterel","Periodo_5",-0.53853834009143,-0.509013302537173,-0.479488264982916
"1800",1061,"Andrea Parra Sauterel","Periodo_6",NA,NA,NA
"1801",1062,"Joanna Pérez Olea","Periodo_1",NA,NA,NA
"1802",1062,"Joanna Pérez Olea","Periodo_2",NA,NA,NA
"1803",1062,"Joanna Pérez Olea","Periodo_3",NA,NA,NA
"1804",1062,"Joanna Pérez Olea","Periodo_4",NA,NA,NA
"1805",1062,"Joanna Pérez Olea","Periodo_5",0.0505104193374346,0.0800321081004639,0.109553796863493
"1806",1062,"Joanna Pérez Olea","Periodo_6",-0.293371262055552,-0.317764131480439,-0.342157000905327
"1807",1063,"Catalina Pérez Salinas","Periodo_1",NA,NA,NA
"1808",1063,"Catalina Pérez Salinas","Periodo_2",NA,NA,NA
"1809",1063,"Catalina Pérez Salinas","Periodo_3",NA,NA,NA
"1810",1063,"Catalina Pérez Salinas","Periodo_4",NA,NA,NA
"1811",1063,"Catalina Pérez Salinas","Periodo_5",-0.904037078724142,-0.874515389961113,-0.844993701198083
"1812",1063,"Catalina Pérez Salinas","Periodo_6",-1.2164127196829,-1.24080558910779,-1.26519845853268
"1813",1065,"Guillermo Ramírez Diez","Periodo_1",NA,NA,NA
"1814",1065,"Guillermo Ramírez Diez","Periodo_2",NA,NA,NA
"1815",1065,"Guillermo Ramírez Diez","Periodo_3",NA,NA,NA
"1816",1065,"Guillermo Ramírez Diez","Periodo_4",NA,NA,NA
"1817",1065,"Guillermo Ramírez Diez","Periodo_5",1.08900220901426,1.11852389777729,1.14804558654032
"1818",1065,"Guillermo Ramírez Diez","Periodo_6",0.727769592876013,0.703376723451125,0.678983854026238
"1819",1066,"Rolando Rentería Moller","Periodo_1",NA,NA,NA
"1820",1066,"Rolando Rentería Moller","Periodo_2",NA,NA,NA
"1821",1066,"Rolando Rentería Moller","Periodo_3",NA,NA,NA
"1822",1066,"Rolando Rentería Moller","Periodo_4",NA,NA,NA
"1823",1066,"Rolando Rentería Moller","Periodo_5",0.761496665148556,0.791021702702813,0.82054674025707
"1824",1066,"Rolando Rentería Moller","Periodo_6",NA,NA,NA
"1825",1067,"Hugo Rey Martínez","Periodo_1",NA,NA,NA
"1826",1067,"Hugo Rey Martínez","Periodo_2",NA,NA,NA
"1827",1067,"Hugo Rey Martínez","Periodo_3",NA,NA,NA
"1828",1067,"Hugo Rey Martínez","Periodo_4",NA,NA,NA
"1829",1067,"Hugo Rey Martínez","Periodo_5",1.09992255649803,1.12944424526106,1.15896593402409
"1830",1067,"Hugo Rey Martínez","Periodo_6",0.439880118661872,0.415487249236985,0.391094379812097
"1831",1068,"Camila Rojas Valderrama","Periodo_1",NA,NA,NA
"1832",1068,"Camila Rojas Valderrama","Periodo_2",NA,NA,NA
"1833",1068,"Camila Rojas Valderrama","Periodo_3",NA,NA,NA
"1834",1068,"Camila Rojas Valderrama","Periodo_4",NA,NA,NA
"1835",1068,"Camila Rojas Valderrama","Periodo_5",-1.08948690784391,-1.05996521908088,-1.03044353031785
"1836",1068,"Camila Rojas Valderrama","Periodo_6",-1.26067187993397,-1.28506474935885,-1.30945761878374
"1837",1069,"Leonidas Romero Sáez","Periodo_1",NA,NA,NA
"1838",1069,"Leonidas Romero Sáez","Periodo_2",NA,NA,NA
"1839",1069,"Leonidas Romero Sáez","Periodo_3",NA,NA,NA
"1840",1069,"Leonidas Romero Sáez","Periodo_4",NA,NA,NA
"1841",1069,"Leonidas Romero Sáez","Periodo_5",0.994900690005689,1.02442237876872,1.05394406753175
"1842",1069,"Leonidas Romero Sáez","Periodo_6",0.561918114045122,0.537525244620235,0.513132375195347
"1843",1070,"Patricio Rosas Barrientos","Periodo_1",NA,NA,NA
"1844",1070,"Patricio Rosas Barrientos","Periodo_2",NA,NA,NA
"1845",1070,"Patricio Rosas Barrientos","Periodo_3",NA,NA,NA
"1846",1070,"Patricio Rosas Barrientos","Periodo_4",NA,NA,NA
"1847",1070,"Patricio Rosas Barrientos","Periodo_5",-0.620588241432063,-0.591066552669033,-0.561544863906004
"1848",1070,"Patricio Rosas Barrientos","Periodo_6",-0.932457267699819,-0.956850137124706,-0.981243006549594
"1849",1071,"Gastón Saavedra Chandía","Periodo_1",NA,NA,NA
"1850",1071,"Gastón Saavedra Chandía","Periodo_2",NA,NA,NA
"1851",1071,"Gastón Saavedra Chandía","Periodo_3",NA,NA,NA
"1852",1071,"Gastón Saavedra Chandía","Periodo_4",NA,NA,NA
"1853",1071,"Gastón Saavedra Chandía","Periodo_5",-0.600469433103063,-0.570944395548806,-0.541419357994549
"1854",1071,"Gastón Saavedra Chandía","Periodo_6",NA,NA,NA
"1855",1072,"Gustavo Sanhueza Dueñas","Periodo_1",NA,NA,NA
"1856",1072,"Gustavo Sanhueza Dueñas","Periodo_2",NA,NA,NA
"1857",1072,"Gustavo Sanhueza Dueñas","Periodo_3",NA,NA,NA
"1858",1072,"Gustavo Sanhueza Dueñas","Periodo_4",NA,NA,NA
"1859",1072,"Gustavo Sanhueza Dueñas","Periodo_5",1.10326802017409,1.13279305772835,1.1623180952826
"1860",1072,"Gustavo Sanhueza Dueñas","Periodo_6",NA,NA,NA
"1861",1073,"Juan Santana Castillo","Periodo_1",NA,NA,NA
"1862",1073,"Juan Santana Castillo","Periodo_2",NA,NA,NA
"1863",1073,"Juan Santana Castillo","Periodo_3",NA,NA,NA
"1864",1073,"Juan Santana Castillo","Periodo_4",NA,NA,NA
"1865",1073,"Juan Santana Castillo","Periodo_5",-0.519114706206312,-0.489593017443282,-0.460071328680253
"1866",1073,"Juan Santana Castillo","Periodo_6",-1.17993258359356,-1.20432545301844,-1.22871832244333
"1867",1075,"Diego Schalper Sepúlveda","Periodo_1",NA,NA,NA
"1868",1075,"Diego Schalper Sepúlveda","Periodo_2",NA,NA,NA
"1869",1075,"Diego Schalper Sepúlveda","Periodo_3",NA,NA,NA
"1870",1075,"Diego Schalper Sepúlveda","Periodo_4",NA,NA,NA
"1871",1075,"Diego Schalper Sepúlveda","Periodo_5",1.03021181934706,1.05973350811009,1.08925519687312
"1872",1075,"Diego Schalper Sepúlveda","Periodo_6",0.412074707595051,0.387681838170163,0.363288968745275
"1873",1076,"Alexis Sepúlveda Soto","Periodo_1",NA,NA,NA
"1874",1076,"Alexis Sepúlveda Soto","Periodo_2",NA,NA,NA
"1875",1076,"Alexis Sepúlveda Soto","Periodo_3",NA,NA,NA
"1876",1076,"Alexis Sepúlveda Soto","Periodo_4",NA,NA,NA
"1877",1076,"Alexis Sepúlveda Soto","Periodo_5",-0.343310068775628,-0.313788380012598,-0.284266691249569
"1878",1076,"Alexis Sepúlveda Soto","Periodo_6",-0.815262082842728,-0.839654952267615,-0.864047821692503
"1879",1077,"Raúl Soto Mardones","Periodo_1",NA,NA,NA
"1880",1077,"Raúl Soto Mardones","Periodo_2",NA,NA,NA
"1881",1077,"Raúl Soto Mardones","Periodo_3",NA,NA,NA
"1882",1077,"Raúl Soto Mardones","Periodo_4",NA,NA,NA
"1883",1077,"Raúl Soto Mardones","Periodo_5",-0.51547562107545,-0.48595393231242,-0.456432243549391
"1884",1077,"Raúl Soto Mardones","Periodo_6",-0.702115867406985,-0.726508736831872,-0.75090160625676
"1885",1078,"Jaime Tohá González","Periodo_1",NA,NA,NA
"1886",1078,"Jaime Tohá González","Periodo_2",NA,NA,NA
"1887",1078,"Jaime Tohá González","Periodo_3",NA,NA,NA
"1888",1078,"Jaime Tohá González","Periodo_4",NA,NA,NA
"1889",1078,"Jaime Tohá González","Periodo_5",-0.322146481716602,-0.292621444162345,-0.263096406608088
"1890",1078,"Jaime Tohá González","Periodo_6",NA,NA,NA
"1891",1079,"Sebastián Torrealba Alvarado","Periodo_1",NA,NA,NA
"1892",1079,"Sebastián Torrealba Alvarado","Periodo_2",NA,NA,NA
"1893",1079,"Sebastián Torrealba Alvarado","Periodo_3",NA,NA,NA
"1894",1079,"Sebastián Torrealba Alvarado","Periodo_4",NA,NA,NA
"1895",1079,"Sebastián Torrealba Alvarado","Periodo_5",0.880570037562776,0.910095075117033,0.93962011267129
"1896",1079,"Sebastián Torrealba Alvarado","Periodo_6",NA,NA,NA
"1897",1080,"Virginia Troncoso Hellman","Periodo_1",NA,NA,NA
"1898",1080,"Virginia Troncoso Hellman","Periodo_2",NA,NA,NA
"1899",1080,"Virginia Troncoso Hellman","Periodo_3",NA,NA,NA
"1900",1080,"Virginia Troncoso Hellman","Periodo_4",NA,NA,NA
"1901",1080,"Virginia Troncoso Hellman","Periodo_5",0.733206325077542,0.762731362631799,0.792256400186056
"1902",1080,"Virginia Troncoso Hellman","Periodo_6",NA,NA,NA
"1903",1081,"Francisco Undurraga Gazitúa","Periodo_1",NA,NA,NA
"1904",1081,"Francisco Undurraga Gazitúa","Periodo_2",NA,NA,NA
"1905",1081,"Francisco Undurraga Gazitúa","Periodo_3",NA,NA,NA
"1906",1081,"Francisco Undurraga Gazitúa","Periodo_4",NA,NA,NA
"1907",1081,"Francisco Undurraga Gazitúa","Periodo_5",1.05792248289562,1.08744417165865,1.11696586042168
"1908",1081,"Francisco Undurraga Gazitúa","Periodo_6",0.386813097005799,0.362420227580911,0.338027358156024
"1909",1082,"Cristóbal Urruticoechea Ríos","Periodo_1",NA,NA,NA
"1910",1082,"Cristóbal Urruticoechea Ríos","Periodo_2",NA,NA,NA
"1911",1082,"Cristóbal Urruticoechea Ríos","Periodo_3",NA,NA,NA
"1912",1082,"Cristóbal Urruticoechea Ríos","Periodo_4",NA,NA,NA
"1913",1082,"Cristóbal Urruticoechea Ríos","Periodo_5",1.14438482760491,1.17390651636794,1.20342820513097
"1914",1082,"Cristóbal Urruticoechea Ríos","Periodo_6",0.614367443807346,0.589974574382459,0.565581704957571
"1915",1083,"Esteban Velásquez Núñez","Periodo_1",NA,NA,NA
"1916",1083,"Esteban Velásquez Núñez","Periodo_2",NA,NA,NA
"1917",1083,"Esteban Velásquez Núñez","Periodo_3",NA,NA,NA
"1918",1083,"Esteban Velásquez Núñez","Periodo_4",NA,NA,NA
"1919",1083,"Esteban Velásquez Núñez","Periodo_5",-0.590058840513428,-0.560533802959171,-0.531008765404914
"1920",1083,"Esteban Velásquez Núñez","Periodo_6",NA,NA,NA
"1921",1084,"Daniel Verdessi Belemmi","Periodo_1",NA,NA,NA
"1922",1084,"Daniel Verdessi Belemmi","Periodo_2",NA,NA,NA
"1923",1084,"Daniel Verdessi Belemmi","Periodo_3",NA,NA,NA
"1924",1084,"Daniel Verdessi Belemmi","Periodo_4",NA,NA,NA
"1925",1084,"Daniel Verdessi Belemmi","Periodo_5",0.103650385958022,0.133175423512278,0.162700461066535
"1926",1084,"Daniel Verdessi Belemmi","Periodo_6",NA,NA,NA
"1927",1085,"Pablo Vidal Rojas","Periodo_1",NA,NA,NA
"1928",1085,"Pablo Vidal Rojas","Periodo_2",NA,NA,NA
"1929",1085,"Pablo Vidal Rojas","Periodo_3",NA,NA,NA
"1930",1085,"Pablo Vidal Rojas","Periodo_4",NA,NA,NA
"1931",1085,"Pablo Vidal Rojas","Periodo_5",-0.924674449904146,-0.895149412349889,-0.865624374795632
"1932",1085,"Pablo Vidal Rojas","Periodo_6",NA,NA,NA
"1933",1086,"Gonzalo Winter Etcheberry","Periodo_1",NA,NA,NA
"1934",1086,"Gonzalo Winter Etcheberry","Periodo_2",NA,NA,NA
"1935",1086,"Gonzalo Winter Etcheberry","Periodo_3",NA,NA,NA
"1936",1086,"Gonzalo Winter Etcheberry","Periodo_4",NA,NA,NA
"1937",1086,"Gonzalo Winter Etcheberry","Periodo_5",-0.966510916011039,-0.93698922724801,-0.907467538484981
"1938",1086,"Gonzalo Winter Etcheberry","Periodo_6",-1.2796130241724,-1.30400589359729,-1.32839876302217
"1939",1087,"Gael Yeomans Araya","Periodo_1",NA,NA,NA
"1940",1087,"Gael Yeomans Araya","Periodo_2",NA,NA,NA
"1941",1087,"Gael Yeomans Araya","Periodo_3",NA,NA,NA
"1942",1087,"Gael Yeomans Araya","Periodo_4",NA,NA,NA
"1943",1087,"Gael Yeomans Araya","Periodo_5",-0.987370906114861,-0.957849217351832,-0.928327528588802
"1944",1087,"Gael Yeomans Araya","Periodo_6",-1.58260190794666,-1.60699477737155,-1.63138764679643
"1945",1093,"Patricia Rubio Escobar","Periodo_1",NA,NA,NA
"1946",1093,"Patricia Rubio Escobar","Periodo_2",NA,NA,NA
"1947",1093,"Patricia Rubio Escobar","Periodo_3",NA,NA,NA
"1948",1093,"Patricia Rubio Escobar","Periodo_4",NA,NA,NA
"1949",1093,"Patricia Rubio Escobar","Periodo_5",0.0705105512676016,0.100035588821859,0.129560626376116
"1950",1093,"Patricia Rubio Escobar","Periodo_6",NA,NA,NA
"1951",1088,"Camilo Morán Bahamondes","Periodo_1",NA,NA,NA
"1952",1088,"Camilo Morán Bahamondes","Periodo_2",NA,NA,NA
"1953",1088,"Camilo Morán Bahamondes","Periodo_3",NA,NA,NA
"1954",1088,"Camilo Morán Bahamondes","Periodo_4",NA,NA,NA
"1955",1088,"Camilo Morán Bahamondes","Periodo_5",0.298001793843094,0.327526831397351,0.357051868951608
"1956",1088,"Camilo Morán Bahamondes","Periodo_6",NA,NA,NA
"1957",1090,"Tomás Andrés Fuentes Barros","Periodo_1",NA,NA,NA
"1958",1090,"Tomás Andrés Fuentes Barros","Periodo_2",NA,NA,NA
"1959",1090,"Tomás Andrés Fuentes Barros","Periodo_3",NA,NA,NA
"1960",1090,"Tomás Andrés Fuentes Barros","Periodo_4",NA,NA,NA
"1961",1090,"Tomás Andrés Fuentes Barros","Periodo_5",0.283666101126339,0.313191138680596,0.342716176234853
"1962",1090,"Tomás Andrés Fuentes Barros","Periodo_6",NA,NA,NA
"1963",1091,"Rubén Moraga Mamani","Periodo_1",NA,NA,NA
"1964",1091,"Rubén Moraga Mamani","Periodo_2",NA,NA,NA
"1965",1091,"Rubén Moraga Mamani","Periodo_3",NA,NA,NA
"1966",1091,"Rubén Moraga Mamani","Periodo_4",NA,NA,NA
"1967",1091,"Rubén Moraga Mamani","Periodo_5",0.0563661080818944,0.0858911456361514,0.115416183190408
"1968",1091,"Rubén Moraga Mamani","Periodo_6",NA,NA,NA
"1969",1092,"Marcela Sandoval Osorio","Periodo_1",NA,NA,NA
"1970",1092,"Marcela Sandoval Osorio","Periodo_2",NA,NA,NA
"1971",1092,"Marcela Sandoval Osorio","Periodo_3",NA,NA,NA
"1972",1092,"Marcela Sandoval Osorio","Periodo_4",NA,NA,NA
"1973",1092,"Marcela Sandoval Osorio","Periodo_5",0.0506584009747844,0.0801834385290414,0.109708476083298
"1974",1092,"Marcela Sandoval Osorio","Periodo_6",NA,NA,NA
"1975",1094,"Cristian Labbé Martínez","Periodo_1",NA,NA,NA
"1976",1094,"Cristian Labbé Martínez","Periodo_2",NA,NA,NA
"1977",1094,"Cristian Labbé Martínez","Periodo_3",NA,NA,NA
"1978",1094,"Cristian Labbé Martínez","Periodo_4",NA,NA,NA
"1979",1094,"Cristian Labbé Martínez","Periodo_5",0.19654766167668,0.22606935043971,0.255591039202739
"1980",1094,"Cristian Labbé Martínez","Periodo_6",0.834155688872553,0.809762819447666,0.785369950022778
"1981",1035,"Carmen Hertz Cádiz","Periodo_1",NA,NA,NA
"1982",1035,"Carmen Hertz Cádiz","Periodo_2",NA,NA,NA
"1983",1035,"Carmen Hertz Cádiz","Periodo_3",NA,NA,NA
"1984",1035,"Carmen Hertz Cádiz","Periodo_4",NA,NA,NA
"1985",1035,"Carmen Hertz Cádiz","Periodo_5",-0.377625054397156,-0.348103365634126,-0.318581676871097
"1986",1035,"Carmen Hertz Cádiz","Periodo_6",-0.604554551523793,-0.62894742094868,-0.653340290373568
"1987",1041,"Pablo Kast Sommerhoff","Periodo_1",NA,NA,NA
"1988",1041,"Pablo Kast Sommerhoff","Periodo_2",NA,NA,NA
"1989",1041,"Pablo Kast Sommerhoff","Periodo_3",NA,NA,NA
"1990",1041,"Pablo Kast Sommerhoff","Periodo_4",NA,NA,NA
"1991",1041,"Pablo Kast Sommerhoff","Periodo_5",0.771000180007208,0.800525217561465,0.830050255115722
"1992",1041,"Pablo Kast Sommerhoff","Periodo_6",NA,NA,NA
"1993",1043,"Amaro Labra Sepúlveda","Periodo_1",NA,NA,NA
"1994",1043,"Amaro Labra Sepúlveda","Periodo_2",NA,NA,NA
"1995",1043,"Amaro Labra Sepúlveda","Periodo_3",NA,NA,NA
"1996",1043,"Amaro Labra Sepúlveda","Periodo_4",NA,NA,NA
"1997",1043,"Amaro Labra Sepúlveda","Periodo_5",-0.945318711494777,-0.91579367394052,-0.886268636386263
"1998",1043,"Amaro Labra Sepúlveda","Periodo_6",NA,NA,NA
"1999",1074,"Marisela Santibáñez Novoa","Periodo_1",NA,NA,NA
"2000",1074,"Marisela Santibáñez Novoa","Periodo_2",NA,NA,NA
"2001",1074,"Marisela Santibáñez Novoa","Periodo_3",NA,NA,NA
"2002",1074,"Marisela Santibáñez Novoa","Periodo_4",NA,NA,NA
"2003",1074,"Marisela Santibáñez Novoa","Periodo_5",-0.669827414302045,-0.640305725539016,-0.610784036775986
"2004",1074,"Marisela Santibáñez Novoa","Periodo_6",-0.687977601064659,-0.712370470489547,-0.736763339914434
"2005",1089,"Nora Cuevas Contreras","Periodo_1",NA,NA,NA
"2006",1089,"Nora Cuevas Contreras","Periodo_2",NA,NA,NA
"2007",1089,"Nora Cuevas Contreras","Periodo_3",NA,NA,NA
"2008",1089,"Nora Cuevas Contreras","Periodo_4",NA,NA,NA
"2009",1089,"Nora Cuevas Contreras","Periodo_5",0.307926408629564,0.337451446183821,0.366976483738078
"2010",1089,"Nora Cuevas Contreras","Periodo_6",NA,NA,NA
"2011",1045,"Aracely Leuquén Uribe","Periodo_1",NA,NA,NA
"2012",1045,"Aracely Leuquén Uribe","Periodo_2",NA,NA,NA
"2013",1045,"Aracely Leuquén Uribe","Periodo_3",NA,NA,NA
"2014",1045,"Aracely Leuquén Uribe","Periodo_4",NA,NA,NA
"2015",1045,"Aracely Leuquén Uribe","Periodo_5",0.56656364510058,0.596088682654836,0.625613720209093
"2016",1045,"Aracely Leuquén Uribe","Periodo_6",NA,NA,NA
"2017",1095,"Juan Manuel Masferrer Vidal","Periodo_1",NA,NA,NA
"2018",1095,"Juan Manuel Masferrer Vidal","Periodo_2",NA,NA,NA
"2019",1095,"Juan Manuel Masferrer Vidal","Periodo_3",NA,NA,NA
"2020",1095,"Juan Manuel Masferrer Vidal","Periodo_4",NA,NA,NA
"2021",1095,"Juan Manuel Masferrer Vidal","Periodo_5",0.17443939814519,0.203964435699447,0.233489473253704
"2022",1095,"Juan Manuel Masferrer Vidal","Periodo_6",NA,NA,NA
"2023",1026,"Mario Desbordes Jiménez","Periodo_1",NA,NA,NA
"2024",1026,"Mario Desbordes Jiménez","Periodo_2",NA,NA,NA
"2025",1026,"Mario Desbordes Jiménez","Periodo_3",NA,NA,NA
"2026",1026,"Mario Desbordes Jiménez","Periodo_4",NA,NA,NA
"2027",1026,"Mario Desbordes Jiménez","Periodo_5",0.443617941974119,0.473142979528376,0.502668017082633
"2028",1026,"Mario Desbordes Jiménez","Periodo_6",NA,NA,NA
"2029",1033,"Renato Garín González","Periodo_1",NA,NA,NA
"2030",1033,"Renato Garín González","Periodo_2",NA,NA,NA
"2031",1033,"Renato Garín González","Periodo_3",NA,NA,NA
"2032",1033,"Renato Garín González","Periodo_4",NA,NA,NA
"2033",1033,"Renato Garín González","Periodo_5",-0.315947024910234,-0.286421987355977,-0.25689694980172
"2034",1033,"Renato Garín González","Periodo_6",NA,NA,NA
"2035",1096,"María Candelaria Acevedo Sáez","Periodo_1",NA,NA,NA
"2036",1096,"María Candelaria Acevedo Sáez","Periodo_2",NA,NA,NA
"2037",1096,"María Candelaria Acevedo Sáez","Periodo_3",NA,NA,NA
"2038",1096,"María Candelaria Acevedo Sáez","Periodo_4",NA,NA,NA
"2039",1096,"María Candelaria Acevedo Sáez","Periodo_5",NA,NA,NA
"2040",1096,"María Candelaria Acevedo Sáez","Periodo_6",-1.67169337441814,-1.69608718800099,-1.72048100158383
"2041",1097,"Eric Aedo Jeldres","Periodo_1",NA,NA,NA
"2042",1097,"Eric Aedo Jeldres","Periodo_2",NA,NA,NA
"2043",1097,"Eric Aedo Jeldres","Periodo_3",NA,NA,NA
"2044",1097,"Eric Aedo Jeldres","Periodo_4",NA,NA,NA
"2045",1097,"Eric Aedo Jeldres","Periodo_5",NA,NA,NA
"2046",1097,"Eric Aedo Jeldres","Periodo_6",-0.587831260527068,-0.612225074109914,-0.636618887692761
"2047",1098,"Yovana Ahumada Palma","Periodo_1",NA,NA,NA
"2048",1098,"Yovana Ahumada Palma","Periodo_2",NA,NA,NA
"2049",1098,"Yovana Ahumada Palma","Periodo_3",NA,NA,NA
"2050",1098,"Yovana Ahumada Palma","Periodo_4",NA,NA,NA
"2051",1098,"Yovana Ahumada Palma","Periodo_5",NA,NA,NA
"2052",1098,"Yovana Ahumada Palma","Periodo_6",0.234549033370985,0.210155219788139,0.185761406205293
"2053",1099,"Jaime Araya Guerrero","Periodo_1",NA,NA,NA
"2054",1099,"Jaime Araya Guerrero","Periodo_2",NA,NA,NA
"2055",1099,"Jaime Araya Guerrero","Periodo_3",NA,NA,NA
"2056",1099,"Jaime Araya Guerrero","Periodo_4",NA,NA,NA
"2057",1099,"Jaime Araya Guerrero","Periodo_5",NA,NA,NA
"2058",1099,"Jaime Araya Guerrero","Periodo_6",-0.79911077439143,-0.823504587974276,-0.847898401557123
"2059",1100,"Cristián Araya Lerdo de Tejada","Periodo_1",NA,NA,NA
"2060",1100,"Cristián Araya Lerdo de Tejada","Periodo_2",NA,NA,NA
"2061",1100,"Cristián Araya Lerdo de Tejada","Periodo_3",NA,NA,NA
"2062",1100,"Cristián Araya Lerdo de Tejada","Periodo_4",NA,NA,NA
"2063",1100,"Cristián Araya Lerdo de Tejada","Periodo_5",NA,NA,NA
"2064",1100,"Cristián Araya Lerdo de Tejada","Periodo_6",1.06283661712904,1.03844280354619,1.01404898996335
"2065",1101,"Mónica Arce Castro","Periodo_1",NA,NA,NA
"2066",1101,"Mónica Arce Castro","Periodo_2",NA,NA,NA
"2067",1101,"Mónica Arce Castro","Periodo_3",NA,NA,NA
"2068",1101,"Mónica Arce Castro","Periodo_4",NA,NA,NA
"2069",1101,"Mónica Arce Castro","Periodo_5",NA,NA,NA
"2070",1101,"Mónica Arce Castro","Periodo_6",-0.931619195374647,-0.956013008957493,-0.98040682254034
"2071",1103,"Danisa Astudillo Peiretti","Periodo_1",NA,NA,NA
"2072",1103,"Danisa Astudillo Peiretti","Periodo_2",NA,NA,NA
"2073",1103,"Danisa Astudillo Peiretti","Periodo_3",NA,NA,NA
"2074",1103,"Danisa Astudillo Peiretti","Periodo_4",NA,NA,NA
"2075",1103,"Danisa Astudillo Peiretti","Periodo_5",NA,NA,NA
"2076",1103,"Danisa Astudillo Peiretti","Periodo_6",-1.22416920944417,-1.24856302302702,-1.27295683660987
"2077",1104,"Chiara Barchiesi Chávez","Periodo_1",NA,NA,NA
"2078",1104,"Chiara Barchiesi Chávez","Periodo_2",NA,NA,NA
"2079",1104,"Chiara Barchiesi Chávez","Periodo_3",NA,NA,NA
"2080",1104,"Chiara Barchiesi Chávez","Periodo_4",NA,NA,NA
"2081",1104,"Chiara Barchiesi Chávez","Periodo_5",NA,NA,NA
"2082",1104,"Chiara Barchiesi Chávez","Periodo_6",1.05827268705327,1.03387887347042,1.00948505988757
"2083",1105,"Héctor Barría Angulo","Periodo_1",NA,NA,NA
"2084",1105,"Héctor Barría Angulo","Periodo_2",NA,NA,NA
"2085",1105,"Héctor Barría Angulo","Periodo_3",NA,NA,NA
"2086",1105,"Héctor Barría Angulo","Periodo_4",NA,NA,NA
"2087",1105,"Héctor Barría Angulo","Periodo_5",NA,NA,NA
"2088",1105,"Héctor Barría Angulo","Periodo_6",-0.734226583971615,-0.758620397554462,-0.783014211137308
"2089",1106,"Miguel Ángel Becker Alvear","Periodo_1",NA,NA,NA
"2090",1106,"Miguel Ángel Becker Alvear","Periodo_2",NA,NA,NA
"2091",1106,"Miguel Ángel Becker Alvear","Periodo_3",NA,NA,NA
"2092",1106,"Miguel Ángel Becker Alvear","Periodo_4",NA,NA,NA
"2093",1106,"Miguel Ángel Becker Alvear","Periodo_5",NA,NA,NA
"2094",1106,"Miguel Ángel Becker Alvear","Periodo_6",0.704951340542738,0.680557526959892,0.656163713377045
"2095",1107,"María Francisca Bello Campos","Periodo_1",NA,NA,NA
"2096",1107,"María Francisca Bello Campos","Periodo_2",NA,NA,NA
"2097",1107,"María Francisca Bello Campos","Periodo_3",NA,NA,NA
"2098",1107,"María Francisca Bello Campos","Periodo_4",NA,NA,NA
"2099",1107,"María Francisca Bello Campos","Periodo_5",NA,NA,NA
"2100",1107,"María Francisca Bello Campos","Periodo_6",-1.23881493403027,-1.26320874761311,-1.28760256119596
"2101",1108,"Juan Carlos Beltrán Silva","Periodo_1",NA,NA,NA
"2102",1108,"Juan Carlos Beltrán Silva","Periodo_2",NA,NA,NA
"2103",1108,"Juan Carlos Beltrán Silva","Periodo_3",NA,NA,NA
"2104",1108,"Juan Carlos Beltrán Silva","Periodo_4",NA,NA,NA
"2105",1108,"Juan Carlos Beltrán Silva","Periodo_5",NA,NA,NA
"2106",1108,"Juan Carlos Beltrán Silva","Periodo_6",0.55765012379375,0.533256310210903,0.508862496628057
"2107",1109,"Gustavo Benavente Vergara","Periodo_1",NA,NA,NA
"2108",1109,"Gustavo Benavente Vergara","Periodo_2",NA,NA,NA
"2109",1109,"Gustavo Benavente Vergara","Periodo_3",NA,NA,NA
"2110",1109,"Gustavo Benavente Vergara","Periodo_4",NA,NA,NA
"2111",1109,"Gustavo Benavente Vergara","Periodo_5",NA,NA,NA
"2112",1109,"Gustavo Benavente Vergara","Periodo_6",0.732480903379078,0.708087089796232,0.683693276213386
"2113",1110,"Carlos Bianchi Chelech","Periodo_1",NA,NA,NA
"2114",1110,"Carlos Bianchi Chelech","Periodo_2",NA,NA,NA
"2115",1110,"Carlos Bianchi Chelech","Periodo_3",NA,NA,NA
"2116",1110,"Carlos Bianchi Chelech","Periodo_4",NA,NA,NA
"2117",1110,"Carlos Bianchi Chelech","Periodo_5",NA,NA,NA
"2118",1110,"Carlos Bianchi Chelech","Periodo_6",-0.846929437317623,-0.871323250900469,-0.895717064483315
"2119",1111,"Fernando Bórquez Montecinos","Periodo_1",NA,NA,NA
"2120",1111,"Fernando Bórquez Montecinos","Periodo_2",NA,NA,NA
"2121",1111,"Fernando Bórquez Montecinos","Periodo_3",NA,NA,NA
"2122",1111,"Fernando Bórquez Montecinos","Periodo_4",NA,NA,NA
"2123",1111,"Fernando Bórquez Montecinos","Periodo_5",NA,NA,NA
"2124",1111,"Fernando Bórquez Montecinos","Periodo_6",0.571527350831211,0.547133537248364,0.522739723665518
"2125",1112,"Ana María Bravo Castro","Periodo_1",NA,NA,NA
"2126",1112,"Ana María Bravo Castro","Periodo_2",NA,NA,NA
"2127",1112,"Ana María Bravo Castro","Periodo_3",NA,NA,NA
"2128",1112,"Ana María Bravo Castro","Periodo_4",NA,NA,NA
"2129",1112,"Ana María Bravo Castro","Periodo_5",NA,NA,NA
"2130",1112,"Ana María Bravo Castro","Periodo_6",-1.12745311749773,-1.15184693108058,-1.17624074466343
"2131",1113,"Marta Bravo Salinas","Periodo_1",NA,NA,NA
"2132",1113,"Marta Bravo Salinas","Periodo_2",NA,NA,NA
"2133",1113,"Marta Bravo Salinas","Periodo_3",NA,NA,NA
"2134",1113,"Marta Bravo Salinas","Periodo_4",NA,NA,NA
"2135",1113,"Marta Bravo Salinas","Periodo_5",NA,NA,NA
"2136",1113,"Marta Bravo Salinas","Periodo_6",0.498393265384308,0.473999451801462,0.449605638218616
"2137",1114,"Félix Bugueño Sotelo","Periodo_1",NA,NA,NA
"2138",1114,"Félix Bugueño Sotelo","Periodo_2",NA,NA,NA
"2139",1114,"Félix Bugueño Sotelo","Periodo_3",NA,NA,NA
"2140",1114,"Félix Bugueño Sotelo","Periodo_4",NA,NA,NA
"2141",1114,"Félix Bugueño Sotelo","Periodo_5",NA,NA,NA
"2142",1114,"Félix Bugueño Sotelo","Periodo_6",-1.49537183559858,-1.51976564918143,-1.54415946276428
"2143",1115,"Mercedes Bulnes Núñez","Periodo_1",NA,NA,NA
"2144",1115,"Mercedes Bulnes Núñez","Periodo_2",NA,NA,NA
"2145",1115,"Mercedes Bulnes Núñez","Periodo_3",NA,NA,NA
"2146",1115,"Mercedes Bulnes Núñez","Periodo_4",NA,NA,NA
"2147",1115,"Mercedes Bulnes Núñez","Periodo_5",NA,NA,NA
"2148",1115,"Mercedes Bulnes Núñez","Periodo_6",-0.358760276809593,-0.38315409039244,-0.407547903975286
"2149",1117,"Nathalie Castillo Rojas","Periodo_1",NA,NA,NA
"2150",1117,"Nathalie Castillo Rojas","Periodo_2",NA,NA,NA
"2151",1117,"Nathalie Castillo Rojas","Periodo_3",NA,NA,NA
"2152",1117,"Nathalie Castillo Rojas","Periodo_4",NA,NA,NA
"2153",1117,"Nathalie Castillo Rojas","Periodo_5",NA,NA,NA
"2154",1117,"Nathalie Castillo Rojas","Periodo_6",-1.24791373390939,-1.27230754749224,-1.29670136107508
"2155",1118,"Ricardo Cifuentes Lillo","Periodo_1",NA,NA,NA
"2156",1118,"Ricardo Cifuentes Lillo","Periodo_2",NA,NA,NA
"2157",1118,"Ricardo Cifuentes Lillo","Periodo_3",NA,NA,NA
"2158",1118,"Ricardo Cifuentes Lillo","Periodo_4",NA,NA,NA
"2159",1118,"Ricardo Cifuentes Lillo","Periodo_5",NA,NA,NA
"2160",1118,"Ricardo Cifuentes Lillo","Periodo_6",-0.809683047432068,-0.834076861014914,-0.85847067459776
"2161",1119,"Sara Concha Smith","Periodo_1",NA,NA,NA
"2162",1119,"Sara Concha Smith","Periodo_2",NA,NA,NA
"2163",1119,"Sara Concha Smith","Periodo_3",NA,NA,NA
"2164",1119,"Sara Concha Smith","Periodo_4",NA,NA,NA
"2165",1119,"Sara Concha Smith","Periodo_5",NA,NA,NA
"2166",1119,"Sara Concha Smith","Periodo_6",0.68270873384761,0.658314920264763,0.633921106681917
"2167",1121,"Eduardo Cornejo Lagos","Periodo_1",NA,NA,NA
"2168",1121,"Eduardo Cornejo Lagos","Periodo_2",NA,NA,NA
"2169",1121,"Eduardo Cornejo Lagos","Periodo_3",NA,NA,NA
"2170",1121,"Eduardo Cornejo Lagos","Periodo_4",NA,NA,NA
"2171",1121,"Eduardo Cornejo Lagos","Periodo_5",NA,NA,NA
"2172",1121,"Eduardo Cornejo Lagos","Periodo_6",0.861804784265814,0.837410970682967,0.813017157100121
"2173",1123,"Gonzalo De la Carrera Correa","Periodo_1",NA,NA,NA
"2174",1123,"Gonzalo De la Carrera Correa","Periodo_2",NA,NA,NA
"2175",1123,"Gonzalo De la Carrera Correa","Periodo_3",NA,NA,NA
"2176",1123,"Gonzalo De la Carrera Correa","Periodo_4",NA,NA,NA
"2177",1123,"Gonzalo De la Carrera Correa","Periodo_5",NA,NA,NA
"2178",1123,"Gonzalo De la Carrera Correa","Periodo_6",0.264574172556388,0.240180358973542,0.215786545390695
"2179",1124,"Tomás De Rementería Venegas","Periodo_1",NA,NA,NA
"2180",1124,"Tomás De Rementería Venegas","Periodo_2",NA,NA,NA
"2181",1124,"Tomás De Rementería Venegas","Periodo_3",NA,NA,NA
"2182",1124,"Tomás De Rementería Venegas","Periodo_4",NA,NA,NA
"2183",1124,"Tomás De Rementería Venegas","Periodo_5",NA,NA,NA
"2184",1124,"Tomás De Rementería Venegas","Periodo_6",-0.814565815237375,-0.838959628820222,-0.863353442403068
"2185",1125,"Viviana Delgado Riquelme","Periodo_1",NA,NA,NA
"2186",1125,"Viviana Delgado Riquelme","Periodo_2",NA,NA,NA
"2187",1125,"Viviana Delgado Riquelme","Periodo_3",NA,NA,NA
"2188",1125,"Viviana Delgado Riquelme","Periodo_4",NA,NA,NA
"2189",1125,"Viviana Delgado Riquelme","Periodo_5",NA,NA,NA
"2190",1125,"Viviana Delgado Riquelme","Periodo_6",-1.49301222988606,-1.5174060434689,-1.54179985705175
"2191",1126,"Felipe Donoso Castro","Periodo_1",NA,NA,NA
"2192",1126,"Felipe Donoso Castro","Periodo_2",NA,NA,NA
"2193",1126,"Felipe Donoso Castro","Periodo_3",NA,NA,NA
"2194",1126,"Felipe Donoso Castro","Periodo_4",NA,NA,NA
"2195",1126,"Felipe Donoso Castro","Periodo_5",NA,NA,NA
"2196",1126,"Felipe Donoso Castro","Periodo_6",0.884968195827577,0.86057438224473,0.836180568661884
"2197",1127,"Lorena Fries Monleón","Periodo_1",NA,NA,NA
"2198",1127,"Lorena Fries Monleón","Periodo_2",NA,NA,NA
"2199",1127,"Lorena Fries Monleón","Periodo_3",NA,NA,NA
"2200",1127,"Lorena Fries Monleón","Periodo_4",NA,NA,NA
"2201",1127,"Lorena Fries Monleón","Periodo_5",NA,NA,NA
"2202",1127,"Lorena Fries Monleón","Periodo_6",-1.11263841111501,-1.13703222469786,-1.1614260382807
"2203",1128,"Ana María Gazmuri Vieira","Periodo_1",NA,NA,NA
"2204",1128,"Ana María Gazmuri Vieira","Periodo_2",NA,NA,NA
"2205",1128,"Ana María Gazmuri Vieira","Periodo_3",NA,NA,NA
"2206",1128,"Ana María Gazmuri Vieira","Periodo_4",NA,NA,NA
"2207",1128,"Ana María Gazmuri Vieira","Periodo_5",NA,NA,NA
"2208",1128,"Ana María Gazmuri Vieira","Periodo_6",-1.26606238044859,-1.29045619403144,-1.31485000761428
"2209",1129,"Andrés Giordano Salazar","Periodo_1",NA,NA,NA
"2210",1129,"Andrés Giordano Salazar","Periodo_2",NA,NA,NA
"2211",1129,"Andrés Giordano Salazar","Periodo_3",NA,NA,NA
"2212",1129,"Andrés Giordano Salazar","Periodo_4",NA,NA,NA
"2213",1129,"Andrés Giordano Salazar","Periodo_5",NA,NA,NA
"2214",1129,"Andrés Giordano Salazar","Periodo_6",-1.74877696399832,-1.77317077758116,-1.79756459116401
"2215",1130,"Marta González Olea","Periodo_1",NA,NA,NA
"2216",1130,"Marta González Olea","Periodo_2",NA,NA,NA
"2217",1130,"Marta González Olea","Periodo_3",NA,NA,NA
"2218",1130,"Marta González Olea","Periodo_4",NA,NA,NA
"2219",1130,"Marta González Olea","Periodo_5",NA,NA,NA
"2220",1130,"Marta González Olea","Periodo_6",-0.797470881703251,-0.821864695286097,-0.846258508868943
"2221",1131,"Mauro González Villarroel","Periodo_1",NA,NA,NA
"2222",1131,"Mauro González Villarroel","Periodo_2",NA,NA,NA
"2223",1131,"Mauro González Villarroel","Periodo_3",NA,NA,NA
"2224",1131,"Mauro González Villarroel","Periodo_4",NA,NA,NA
"2225",1131,"Mauro González Villarroel","Periodo_5",NA,NA,NA
"2226",1131,"Mauro González Villarroel","Periodo_6",0.487014441107412,0.462620627524566,0.438226813941719
"2227",1132,"Jorge Guzmán Zepeda","Periodo_1",NA,NA,NA
"2228",1132,"Jorge Guzmán Zepeda","Periodo_2",NA,NA,NA
"2229",1132,"Jorge Guzmán Zepeda","Periodo_3",NA,NA,NA
"2230",1132,"Jorge Guzmán Zepeda","Periodo_4",NA,NA,NA
"2231",1132,"Jorge Guzmán Zepeda","Periodo_5",NA,NA,NA
"2232",1132,"Jorge Guzmán Zepeda","Periodo_6",0.373274619753632,0.348880806170786,0.324486992587939
"2233",1133,"Juan Irarrázaval Rossel","Periodo_1",NA,NA,NA
"2234",1133,"Juan Irarrázaval Rossel","Periodo_2",NA,NA,NA
"2235",1133,"Juan Irarrázaval Rossel","Periodo_3",NA,NA,NA
"2236",1133,"Juan Irarrázaval Rossel","Periodo_4",NA,NA,NA
"2237",1133,"Juan Irarrázaval Rossel","Periodo_5",NA,NA,NA
"2238",1133,"Juan Irarrázaval Rossel","Periodo_6",1.0458141969259,1.02142038334306,0.99702656976021
"2239",1134,"Andrés Jouannet Valderrama","Periodo_1",NA,NA,NA
"2240",1134,"Andrés Jouannet Valderrama","Periodo_2",NA,NA,NA
"2241",1134,"Andrés Jouannet Valderrama","Periodo_3",NA,NA,NA
"2242",1134,"Andrés Jouannet Valderrama","Periodo_4",NA,NA,NA
"2243",1134,"Andrés Jouannet Valderrama","Periodo_5",NA,NA,NA
"2244",1134,"Andrés Jouannet Valderrama","Periodo_6",-0.302853634704625,-0.327247448287471,-0.351641261870318
"2245",1135,"Johannes Kaiser Barents-Von Hohenhagen","Periodo_1",NA,NA,NA
"2246",1135,"Johannes Kaiser Barents-Von Hohenhagen","Periodo_2",NA,NA,NA
"2247",1135,"Johannes Kaiser Barents-Von Hohenhagen","Periodo_3",NA,NA,NA
"2248",1135,"Johannes Kaiser Barents-Von Hohenhagen","Periodo_4",NA,NA,NA
"2249",1135,"Johannes Kaiser Barents-Von Hohenhagen","Periodo_5",NA,NA,NA
"2250",1135,"Johannes Kaiser Barents-Von Hohenhagen","Periodo_6",1.53457630100925,1.5101824874264,1.48578867384356
"2251",1136,"Paula Labra Besserer","Periodo_1",NA,NA,NA
"2252",1136,"Paula Labra Besserer","Periodo_2",NA,NA,NA
"2253",1136,"Paula Labra Besserer","Periodo_3",NA,NA,NA
"2254",1136,"Paula Labra Besserer","Periodo_4",NA,NA,NA
"2255",1136,"Paula Labra Besserer","Periodo_5",NA,NA,NA
"2256",1136,"Paula Labra Besserer","Periodo_6",0.350211319485725,0.325817505902879,0.301423692320033
"2257",1137,"Tomás Lagomarsino Guzmán","Periodo_1",NA,NA,NA
"2258",1137,"Tomás Lagomarsino Guzmán","Periodo_2",NA,NA,NA
"2259",1137,"Tomás Lagomarsino Guzmán","Periodo_3",NA,NA,NA
"2260",1137,"Tomás Lagomarsino Guzmán","Periodo_4",NA,NA,NA
"2261",1137,"Tomás Lagomarsino Guzmán","Periodo_5",NA,NA,NA
"2262",1137,"Tomás Lagomarsino Guzmán","Periodo_6",-0.728731046625918,-0.753124860208765,-0.777518673791611
"2263",1138,"Henry Leal Bizama","Periodo_1",NA,NA,NA
"2264",1138,"Henry Leal Bizama","Periodo_2",NA,NA,NA
"2265",1138,"Henry Leal Bizama","Periodo_3",NA,NA,NA
"2266",1138,"Henry Leal Bizama","Periodo_4",NA,NA,NA
"2267",1138,"Henry Leal Bizama","Periodo_5",NA,NA,NA
"2268",1138,"Henry Leal Bizama","Periodo_6",0.567366315357299,0.542972501774452,0.518578688191606
"2269",1139,"Enrique Lee Flores","Periodo_1",NA,NA,NA
"2270",1139,"Enrique Lee Flores","Periodo_2",NA,NA,NA
"2271",1139,"Enrique Lee Flores","Periodo_3",NA,NA,NA
"2272",1139,"Enrique Lee Flores","Periodo_4",NA,NA,NA
"2273",1139,"Enrique Lee Flores","Periodo_5",NA,NA,NA
"2274",1139,"Enrique Lee Flores","Periodo_6",0.137653691131832,0.113259877548986,0.0888660639661398
"2275",1140,"Daniel Lilayu Vivanco","Periodo_1",NA,NA,NA
"2276",1140,"Daniel Lilayu Vivanco","Periodo_2",NA,NA,NA
"2277",1140,"Daniel Lilayu Vivanco","Periodo_3",NA,NA,NA
"2278",1140,"Daniel Lilayu Vivanco","Periodo_4",NA,NA,NA
"2279",1140,"Daniel Lilayu Vivanco","Periodo_5",NA,NA,NA
"2280",1140,"Daniel Lilayu Vivanco","Periodo_6",0.707221876937412,0.682828063354566,0.658434249771719
"2281",1141,"Luis Malla Valenzuela","Periodo_1",NA,NA,NA
"2282",1141,"Luis Malla Valenzuela","Periodo_2",NA,NA,NA
"2283",1141,"Luis Malla Valenzuela","Periodo_3",NA,NA,NA
"2284",1141,"Luis Malla Valenzuela","Periodo_4",NA,NA,NA
"2285",1141,"Luis Malla Valenzuela","Periodo_5",NA,NA,NA
"2286",1141,"Luis Malla Valenzuela","Periodo_6",-1.20157257419488,-1.22596638777772,-1.25036020136057
"2287",1142,"Daniel Manouchehri Lobos","Periodo_1",NA,NA,NA
"2288",1142,"Daniel Manouchehri Lobos","Periodo_2",NA,NA,NA
"2289",1142,"Daniel Manouchehri Lobos","Periodo_3",NA,NA,NA
"2290",1142,"Daniel Manouchehri Lobos","Periodo_4",NA,NA,NA
"2291",1142,"Daniel Manouchehri Lobos","Periodo_5",NA,NA,NA
"2292",1142,"Daniel Manouchehri Lobos","Periodo_6",-1.16623428632724,-1.19062809991009,-1.21502191349293
"2293",1143,"Cristóbal Martínez Ramírez","Periodo_1",NA,NA,NA
"2294",1143,"Cristóbal Martínez Ramírez","Periodo_2",NA,NA,NA
"2295",1143,"Cristóbal Martínez Ramírez","Periodo_3",NA,NA,NA
"2296",1143,"Cristóbal Martínez Ramírez","Periodo_4",NA,NA,NA
"2297",1143,"Cristóbal Martínez Ramírez","Periodo_5",NA,NA,NA
"2298",1143,"Cristóbal Martínez Ramírez","Periodo_6",0.686823896266277,0.662430082683431,0.638036269100584
"2299",1144,"Christian Matheson Villán","Periodo_1",NA,NA,NA
"2300",1144,"Christian Matheson Villán","Periodo_2",NA,NA,NA
"2301",1144,"Christian Matheson Villán","Periodo_3",NA,NA,NA
"2302",1144,"Christian Matheson Villán","Periodo_4",NA,NA,NA
"2303",1144,"Christian Matheson Villán","Periodo_5",NA,NA,NA
"2304",1144,"Christian Matheson Villán","Periodo_6",0.860049098282998,0.835655284700152,0.811261471117306
"2305",1145,"Karen Medina Vásquez","Periodo_1",NA,NA,NA
"2306",1145,"Karen Medina Vásquez","Periodo_2",NA,NA,NA
"2307",1145,"Karen Medina Vásquez","Periodo_3",NA,NA,NA
"2308",1145,"Karen Medina Vásquez","Periodo_4",NA,NA,NA
"2309",1145,"Karen Medina Vásquez","Periodo_5",NA,NA,NA
"2310",1145,"Karen Medina Vásquez","Periodo_6",-0.300665482441754,-0.325059296024601,-0.349453109607447
"2311",1146,"José Carlos Meza Pereira","Periodo_1",NA,NA,NA
"2312",1146,"José Carlos Meza Pereira","Periodo_2",NA,NA,NA
"2313",1146,"José Carlos Meza Pereira","Periodo_3",NA,NA,NA
"2314",1146,"José Carlos Meza Pereira","Periodo_4",NA,NA,NA
"2315",1146,"José Carlos Meza Pereira","Periodo_5",NA,NA,NA
"2316",1146,"José Carlos Meza Pereira","Periodo_6",1.29639207799878,1.27199826441594,1.24760445083309
"2317",1148,"Javiera Morales Alvarado","Periodo_1",NA,NA,NA
"2318",1148,"Javiera Morales Alvarado","Periodo_2",NA,NA,NA
"2319",1148,"Javiera Morales Alvarado","Periodo_3",NA,NA,NA
"2320",1148,"Javiera Morales Alvarado","Periodo_4",NA,NA,NA
"2321",1148,"Javiera Morales Alvarado","Periodo_5",NA,NA,NA
"2322",1148,"Javiera Morales Alvarado","Periodo_6",-1.38002014207504,-1.40441395565788,-1.42880776924073
"2323",1151,"Camila Musante Müller","Periodo_1",NA,NA,NA
"2324",1151,"Camila Musante Müller","Periodo_2",NA,NA,NA
"2325",1151,"Camila Musante Müller","Periodo_3",NA,NA,NA
"2326",1151,"Camila Musante Müller","Periodo_4",NA,NA,NA
"2327",1151,"Camila Musante Müller","Periodo_5",NA,NA,NA
"2328",1151,"Camila Musante Müller","Periodo_6",-0.865208625759682,-0.889602439342529,-0.913996252925375
"2329",1152,"Gloria Naveillan Arriagada","Periodo_1",NA,NA,NA
"2330",1152,"Gloria Naveillan Arriagada","Periodo_2",NA,NA,NA
"2331",1152,"Gloria Naveillan Arriagada","Periodo_3",NA,NA,NA
"2332",1152,"Gloria Naveillan Arriagada","Periodo_4",NA,NA,NA
"2333",1152,"Gloria Naveillan Arriagada","Periodo_5",NA,NA,NA
"2334",1152,"Gloria Naveillan Arriagada","Periodo_6",0.80797908926432,0.783585275681473,0.759191462098627
"2335",1153,"Coca Ericka Ñanco Vásquez","Periodo_1",NA,NA,NA
"2336",1153,"Coca Ericka Ñanco Vásquez","Periodo_2",NA,NA,NA
"2337",1153,"Coca Ericka Ñanco Vásquez","Periodo_3",NA,NA,NA
"2338",1153,"Coca Ericka Ñanco Vásquez","Periodo_4",NA,NA,NA
"2339",1153,"Coca Ericka Ñanco Vásquez","Periodo_5",NA,NA,NA
"2340",1153,"Coca Ericka Ñanco Vásquez","Periodo_6",-1.08606300913685,-1.1104568227197,-1.13485063630254
"2341",1154,"Mauricio Ojeda Rebolledo","Periodo_1",NA,NA,NA
"2342",1154,"Mauricio Ojeda Rebolledo","Periodo_2",NA,NA,NA
"2343",1154,"Mauricio Ojeda Rebolledo","Periodo_3",NA,NA,NA
"2344",1154,"Mauricio Ojeda Rebolledo","Periodo_4",NA,NA,NA
"2345",1154,"Mauricio Ojeda Rebolledo","Periodo_5",NA,NA,NA
"2346",1154,"Mauricio Ojeda Rebolledo","Periodo_6",0.386936950719139,0.362543137136292,0.338149323553446
"2347",1155,"Rubén Darío Oyarzo Figueroa","Periodo_1",NA,NA,NA
"2348",1155,"Rubén Darío Oyarzo Figueroa","Periodo_2",NA,NA,NA
"2349",1155,"Rubén Darío Oyarzo Figueroa","Periodo_3",NA,NA,NA
"2350",1155,"Rubén Darío Oyarzo Figueroa","Periodo_4",NA,NA,NA
"2351",1155,"Rubén Darío Oyarzo Figueroa","Periodo_5",NA,NA,NA
"2352",1155,"Rubén Darío Oyarzo Figueroa","Periodo_6",-0.433470990910732,-0.457864804493579,-0.482258618076425
"2353",1156,"Hernán Palma Pérez","Periodo_1",NA,NA,NA
"2354",1156,"Hernán Palma Pérez","Periodo_2",NA,NA,NA
"2355",1156,"Hernán Palma Pérez","Periodo_3",NA,NA,NA
"2356",1156,"Hernán Palma Pérez","Periodo_4",NA,NA,NA
"2357",1156,"Hernán Palma Pérez","Periodo_5",NA,NA,NA
"2358",1156,"Hernán Palma Pérez","Periodo_6",-1.04233502059623,-1.06672883417908,-1.09112264776193
"2359",1157,"Marlene Pérez Cartes","Periodo_1",NA,NA,NA
"2360",1157,"Marlene Pérez Cartes","Periodo_2",NA,NA,NA
"2361",1157,"Marlene Pérez Cartes","Periodo_3",NA,NA,NA
"2362",1157,"Marlene Pérez Cartes","Periodo_4",NA,NA,NA
"2363",1157,"Marlene Pérez Cartes","Periodo_5",NA,NA,NA
"2364",1157,"Marlene Pérez Cartes","Periodo_6",0.559027891488195,0.534634077905349,0.510240264322503
"2365",1159,"Lorena Pizarro Sierra","Periodo_1",NA,NA,NA
"2366",1159,"Lorena Pizarro Sierra","Periodo_2",NA,NA,NA
"2367",1159,"Lorena Pizarro Sierra","Periodo_3",NA,NA,NA
"2368",1159,"Lorena Pizarro Sierra","Periodo_4",NA,NA,NA
"2369",1159,"Lorena Pizarro Sierra","Periodo_5",NA,NA,NA
"2370",1159,"Lorena Pizarro Sierra","Periodo_6",-1.84359823297367,-1.86799204655651,-1.89238586013936
"2371",1160,"Alejandra Placencia Cabello","Periodo_1",NA,NA,NA
"2372",1160,"Alejandra Placencia Cabello","Periodo_2",NA,NA,NA
"2373",1160,"Alejandra Placencia Cabello","Periodo_3",NA,NA,NA
"2374",1160,"Alejandra Placencia Cabello","Periodo_4",NA,NA,NA
"2375",1160,"Alejandra Placencia Cabello","Periodo_5",NA,NA,NA
"2376",1160,"Alejandra Placencia Cabello","Periodo_6",-2.04218969726145,-2.06658351084429,-2.09097732442714
"2377",1161,"Francisco Pulgar Castillo","Periodo_1",NA,NA,NA
"2378",1161,"Francisco Pulgar Castillo","Periodo_2",NA,NA,NA
"2379",1161,"Francisco Pulgar Castillo","Periodo_3",NA,NA,NA
"2380",1161,"Francisco Pulgar Castillo","Periodo_4",NA,NA,NA
"2381",1161,"Francisco Pulgar Castillo","Periodo_5",NA,NA,NA
"2382",1161,"Francisco Pulgar Castillo","Periodo_6",-0.175831543762057,-0.200225357344903,-0.224619170927749
"2383",1162,"Matías Ramírez Pascal","Periodo_1",NA,NA,NA
"2384",1162,"Matías Ramírez Pascal","Periodo_2",NA,NA,NA
"2385",1162,"Matías Ramírez Pascal","Periodo_3",NA,NA,NA
"2386",1162,"Matías Ramírez Pascal","Periodo_4",NA,NA,NA
"2387",1162,"Matías Ramírez Pascal","Periodo_5",NA,NA,NA
"2388",1162,"Matías Ramírez Pascal","Periodo_6",-1.34202827880401,-1.36642209238685,-1.3908159059697
"2389",1163,"Marcia Raphael Mora","Periodo_1",NA,NA,NA
"2390",1163,"Marcia Raphael Mora","Periodo_2",NA,NA,NA
"2391",1163,"Marcia Raphael Mora","Periodo_3",NA,NA,NA
"2392",1163,"Marcia Raphael Mora","Periodo_4",NA,NA,NA
"2393",1163,"Marcia Raphael Mora","Periodo_5",NA,NA,NA
"2394",1163,"Marcia Raphael Mora","Periodo_6",0.570015025841412,0.545621212258566,0.52122739867572
"2395",1164,"Marcela Riquelme Aliaga","Periodo_1",NA,NA,NA
"2396",1164,"Marcela Riquelme Aliaga","Periodo_2",NA,NA,NA
"2397",1164,"Marcela Riquelme Aliaga","Periodo_3",NA,NA,NA
"2398",1164,"Marcela Riquelme Aliaga","Periodo_4",NA,NA,NA
"2399",1164,"Marcela Riquelme Aliaga","Periodo_5",NA,NA,NA
"2400",1164,"Marcela Riquelme Aliaga","Periodo_6",-0.967115449613605,-0.991509263196451,-1.0159030767793
"2401",1165,"Agustín Romero Leiva","Periodo_1",NA,NA,NA
"2402",1165,"Agustín Romero Leiva","Periodo_2",NA,NA,NA
"2403",1165,"Agustín Romero Leiva","Periodo_3",NA,NA,NA
"2404",1165,"Agustín Romero Leiva","Periodo_4",NA,NA,NA
"2405",1165,"Agustín Romero Leiva","Periodo_5",NA,NA,NA
"2406",1165,"Agustín Romero Leiva","Periodo_6",1.51653853206089,1.49214471847804,1.4677509048952
"2407",1166,"Natalia Romero Talguia","Periodo_1",NA,NA,NA
"2408",1166,"Natalia Romero Talguia","Periodo_2",NA,NA,NA
"2409",1166,"Natalia Romero Talguia","Periodo_3",NA,NA,NA
"2410",1166,"Natalia Romero Talguia","Periodo_4",NA,NA,NA
"2411",1166,"Natalia Romero Talguia","Periodo_5",NA,NA,NA
"2412",1166,"Natalia Romero Talguia","Periodo_6",0.457588107005822,0.433194293422976,0.40880047984013
"2413",1167,"Jaime Sáez Quiroz","Periodo_1",NA,NA,NA
"2414",1167,"Jaime Sáez Quiroz","Periodo_2",NA,NA,NA
"2415",1167,"Jaime Sáez Quiroz","Periodo_3",NA,NA,NA
"2416",1167,"Jaime Sáez Quiroz","Periodo_4",NA,NA,NA
"2417",1167,"Jaime Sáez Quiroz","Periodo_5",NA,NA,NA
"2418",1167,"Jaime Sáez Quiroz","Periodo_6",-1.21442929774768,-1.23882311133053,-1.26321692491338
"2419",1168,"Jorge Saffirio Espinoza","Periodo_1",NA,NA,NA
"2420",1168,"Jorge Saffirio Espinoza","Periodo_2",NA,NA,NA
"2421",1168,"Jorge Saffirio Espinoza","Periodo_3",NA,NA,NA
"2422",1168,"Jorge Saffirio Espinoza","Periodo_4",NA,NA,NA
"2423",1168,"Jorge Saffirio Espinoza","Periodo_5",NA,NA,NA
"2424",1168,"Jorge Saffirio Espinoza","Periodo_6",-0.254565235172253,-0.2789590487551,-0.303352862337946
"2425",1169,"Clara Sagardía Cabezas","Periodo_1",NA,NA,NA
"2426",1169,"Clara Sagardía Cabezas","Periodo_2",NA,NA,NA
"2427",1169,"Clara Sagardía Cabezas","Periodo_3",NA,NA,NA
"2428",1169,"Clara Sagardía Cabezas","Periodo_4",NA,NA,NA
"2429",1169,"Clara Sagardía Cabezas","Periodo_5",NA,NA,NA
"2430",1169,"Clara Sagardía Cabezas","Periodo_6",-1.75954651743975,-1.7839403310226,-1.80833414460545
"2431",1170,"Luis Sánchez Ossa","Periodo_1",NA,NA,NA
"2432",1170,"Luis Sánchez Ossa","Periodo_2",NA,NA,NA
"2433",1170,"Luis Sánchez Ossa","Periodo_3",NA,NA,NA
"2434",1170,"Luis Sánchez Ossa","Periodo_4",NA,NA,NA
"2435",1170,"Luis Sánchez Ossa","Periodo_5",NA,NA,NA
"2436",1170,"Luis Sánchez Ossa","Periodo_6",1.64496299933396,1.62056918575111,1.59617537216827
"2437",1171,"Emilia Schneider Videla","Periodo_1",NA,NA,NA
"2438",1171,"Emilia Schneider Videla","Periodo_2",NA,NA,NA
"2439",1171,"Emilia Schneider Videla","Periodo_3",NA,NA,NA
"2440",1171,"Emilia Schneider Videla","Periodo_4",NA,NA,NA
"2441",1171,"Emilia Schneider Videla","Periodo_5",NA,NA,NA
"2442",1171,"Emilia Schneider Videla","Periodo_6",-1.33247999332647,-1.35687380690932,-1.38126762049216
"2443",1172,"Stephan Schubert Rubio","Periodo_1",NA,NA,NA
"2444",1172,"Stephan Schubert Rubio","Periodo_2",NA,NA,NA
"2445",1172,"Stephan Schubert Rubio","Periodo_3",NA,NA,NA
"2446",1172,"Stephan Schubert Rubio","Periodo_4",NA,NA,NA
"2447",1172,"Stephan Schubert Rubio","Periodo_5",NA,NA,NA
"2448",1172,"Stephan Schubert Rubio","Periodo_6",1.42637959463759,1.40198578105474,1.3775919674719
"2449",1173,"Daniela Serrano Salazar","Periodo_1",NA,NA,NA
"2450",1173,"Daniela Serrano Salazar","Periodo_2",NA,NA,NA
"2451",1173,"Daniela Serrano Salazar","Periodo_3",NA,NA,NA
"2452",1173,"Daniela Serrano Salazar","Periodo_4",NA,NA,NA
"2453",1173,"Daniela Serrano Salazar","Periodo_5",NA,NA,NA
"2454",1173,"Daniela Serrano Salazar","Periodo_6",-1.67806438092578,-1.70245819450863,-1.72685200809147
"2455",1174,"Marco Antonio Sulantay Olivares","Periodo_1",NA,NA,NA
"2456",1174,"Marco Antonio Sulantay Olivares","Periodo_2",NA,NA,NA
"2457",1174,"Marco Antonio Sulantay Olivares","Periodo_3",NA,NA,NA
"2458",1174,"Marco Antonio Sulantay Olivares","Periodo_4",NA,NA,NA
"2459",1174,"Marco Antonio Sulantay Olivares","Periodo_5",NA,NA,NA
"2460",1174,"Marco Antonio Sulantay Olivares","Periodo_6",0.832600484536798,0.808206670953952,0.783812857371106
"2461",1175,"Cristián Tapia Ramos","Periodo_1",NA,NA,NA
"2462",1175,"Cristián Tapia Ramos","Periodo_2",NA,NA,NA
"2463",1175,"Cristián Tapia Ramos","Periodo_3",NA,NA,NA
"2464",1175,"Cristián Tapia Ramos","Periodo_4",NA,NA,NA
"2465",1175,"Cristián Tapia Ramos","Periodo_5",NA,NA,NA
"2466",1175,"Cristián Tapia Ramos","Periodo_6",-1.04159217380398,-1.06598598738683,-1.09037980096968
"2467",1176,"Hotuiti Teao Drago","Periodo_1",NA,NA,NA
"2468",1176,"Hotuiti Teao Drago","Periodo_2",NA,NA,NA
"2469",1176,"Hotuiti Teao Drago","Periodo_3",NA,NA,NA
"2470",1176,"Hotuiti Teao Drago","Periodo_4",NA,NA,NA
"2471",1176,"Hotuiti Teao Drago","Periodo_5",NA,NA,NA
"2472",1176,"Hotuiti Teao Drago","Periodo_6",0.436617354745406,0.412223541162559,0.387829727579713
"2473",1177,"Carolina Tello Rojas","Periodo_1",NA,NA,NA
"2474",1177,"Carolina Tello Rojas","Periodo_2",NA,NA,NA
"2475",1177,"Carolina Tello Rojas","Periodo_3",NA,NA,NA
"2476",1177,"Carolina Tello Rojas","Periodo_4",NA,NA,NA
"2477",1177,"Carolina Tello Rojas","Periodo_5",NA,NA,NA
"2478",1177,"Carolina Tello Rojas","Periodo_6",-1.65475425458338,-1.67914806816623,-1.70354188174907
"2479",1178,"Héctor Ulloa Aguilera","Periodo_1",NA,NA,NA
"2480",1178,"Héctor Ulloa Aguilera","Periodo_2",NA,NA,NA
"2481",1178,"Héctor Ulloa Aguilera","Periodo_3",NA,NA,NA
"2482",1178,"Héctor Ulloa Aguilera","Periodo_4",NA,NA,NA
"2483",1178,"Héctor Ulloa Aguilera","Periodo_5",NA,NA,NA
"2484",1178,"Héctor Ulloa Aguilera","Periodo_6",-0.965873671847188,-0.990267485430034,-1.01466129901288
"2485",1179,"Alberto Undurraga Vicuña","Periodo_1",NA,NA,NA
"2486",1179,"Alberto Undurraga Vicuña","Periodo_2",NA,NA,NA
"2487",1179,"Alberto Undurraga Vicuña","Periodo_3",NA,NA,NA
"2488",1179,"Alberto Undurraga Vicuña","Periodo_4",NA,NA,NA
"2489",1179,"Alberto Undurraga Vicuña","Periodo_5",NA,NA,NA
"2490",1179,"Alberto Undurraga Vicuña","Periodo_6",-0.825178972364504,-0.849572785947351,-0.873966599530197
"2491",1180,"Consuelo Veloso Ávila","Periodo_1",NA,NA,NA
"2492",1180,"Consuelo Veloso Ávila","Periodo_2",NA,NA,NA
"2493",1180,"Consuelo Veloso Ávila","Periodo_3",NA,NA,NA
"2494",1180,"Consuelo Veloso Ávila","Periodo_4",NA,NA,NA
"2495",1180,"Consuelo Veloso Ávila","Periodo_5",NA,NA,NA
"2496",1180,"Consuelo Veloso Ávila","Periodo_6",-1.1573919780277,-1.18178579161055,-1.2061796051934
"2497",1181,"Nelson Venegas Salazar","Periodo_1",NA,NA,NA
"2498",1181,"Nelson Venegas Salazar","Periodo_2",NA,NA,NA
"2499",1181,"Nelson Venegas Salazar","Periodo_3",NA,NA,NA
"2500",1181,"Nelson Venegas Salazar","Periodo_4",NA,NA,NA
"2501",1181,"Nelson Venegas Salazar","Periodo_5",NA,NA,NA
"2502",1181,"Nelson Venegas Salazar","Periodo_6",-0.947489370541077,-0.971883184123923,-0.996276997706769
"2503",1182,"Sebastián Videla Castillo","Periodo_1",NA,NA,NA
"2504",1182,"Sebastián Videla Castillo","Periodo_2",NA,NA,NA
"2505",1182,"Sebastián Videla Castillo","Periodo_3",NA,NA,NA
"2506",1182,"Sebastián Videla Castillo","Periodo_4",NA,NA,NA
"2507",1182,"Sebastián Videla Castillo","Periodo_5",NA,NA,NA
"2508",1182,"Sebastián Videla Castillo","Periodo_6",-1.05058361303687,-1.07497742661972,-1.09937124020256
"2509",1183,"Flor Weisse Novoa","Periodo_1",NA,NA,NA
"2510",1183,"Flor Weisse Novoa","Periodo_2",NA,NA,NA
"2511",1183,"Flor Weisse Novoa","Periodo_3",NA,NA,NA
"2512",1183,"Flor Weisse Novoa","Periodo_4",NA,NA,NA
"2513",1183,"Flor Weisse Novoa","Periodo_5",NA,NA,NA
"2514",1183,"Flor Weisse Novoa","Periodo_6",0.88762685435301,0.863233040770164,0.838839227187318
"2515",1102,"Roberto Arroyo Muñoz","Periodo_1",NA,NA,NA
"2516",1102,"Roberto Arroyo Muñoz","Periodo_2",NA,NA,NA
"2517",1102,"Roberto Arroyo Muñoz","Periodo_3",NA,NA,NA
"2518",1102,"Roberto Arroyo Muñoz","Periodo_4",NA,NA,NA
"2519",1102,"Roberto Arroyo Muñoz","Periodo_5",NA,NA,NA
"2520",1102,"Roberto Arroyo Muñoz","Periodo_6",0.342827061091165,0.318433247508318,0.294039433925472
"2521",1116,"Felipe Camaño Cárdenas","Periodo_1",NA,NA,NA
"2522",1116,"Felipe Camaño Cárdenas","Periodo_2",NA,NA,NA
"2523",1116,"Felipe Camaño Cárdenas","Periodo_3",NA,NA,NA
"2524",1116,"Felipe Camaño Cárdenas","Periodo_4",NA,NA,NA
"2525",1116,"Felipe Camaño Cárdenas","Periodo_5",NA,NA,NA
"2526",1116,"Felipe Camaño Cárdenas","Periodo_6",-0.404402483496005,-0.428796297078851,-0.453190110661697
"2527",1122,"Luis Alberto Cuello Peña y Lillo","Periodo_1",NA,NA,NA
"2528",1122,"Luis Alberto Cuello Peña y Lillo","Periodo_2",NA,NA,NA
"2529",1122,"Luis Alberto Cuello Peña y Lillo","Periodo_3",NA,NA,NA
"2530",1122,"Luis Alberto Cuello Peña y Lillo","Periodo_4",NA,NA,NA
"2531",1122,"Luis Alberto Cuello Peña y Lillo","Periodo_5",NA,NA,NA
"2532",1122,"Luis Alberto Cuello Peña y Lillo","Periodo_6",-1.82869050703258,-1.85308432061543,-1.87747813419827
"2533",1147,"Helia Molina Milman","Periodo_1",NA,NA,NA
"2534",1147,"Helia Molina Milman","Periodo_2",NA,NA,NA
"2535",1147,"Helia Molina Milman","Periodo_3",NA,NA,NA
"2536",1147,"Helia Molina Milman","Periodo_4",NA,NA,NA
"2537",1147,"Helia Molina Milman","Periodo_5",NA,NA,NA
"2538",1147,"Helia Molina Milman","Periodo_6",-0.956186065664727,-0.980579879247573,-1.00497369283042
"2539",1149,"Carla Morales Maldonado","Periodo_1",NA,NA,NA
"2540",1149,"Carla Morales Maldonado","Periodo_2",NA,NA,NA
"2541",1149,"Carla Morales Maldonado","Periodo_3",NA,NA,NA
"2542",1149,"Carla Morales Maldonado","Periodo_4",NA,NA,NA
"2543",1149,"Carla Morales Maldonado","Periodo_5",NA,NA,NA
"2544",1149,"Carla Morales Maldonado","Periodo_6",0.384671649814947,0.360277836232101,0.335884022649255
"2545",1150,"Benjamín Moreno Bascur","Periodo_1",NA,NA,NA
"2546",1150,"Benjamín Moreno Bascur","Periodo_2",NA,NA,NA
"2547",1150,"Benjamín Moreno Bascur","Periodo_3",NA,NA,NA
"2548",1150,"Benjamín Moreno Bascur","Periodo_4",NA,NA,NA
"2549",1150,"Benjamín Moreno Bascur","Periodo_5",NA,NA,NA
"2550",1150,"Benjamín Moreno Bascur","Periodo_6",1.33035071833551,1.30595690475267,1.28156309116982
"2551",1120,"María Luisa Cordero Velásquez","Periodo_1",NA,NA,NA
"2552",1120,"María Luisa Cordero Velásquez","Periodo_2",NA,NA,NA
"2553",1120,"María Luisa Cordero Velásquez","Periodo_3",NA,NA,NA
"2554",1120,"María Luisa Cordero Velásquez","Periodo_4",NA,NA,NA
"2555",1120,"María Luisa Cordero Velásquez","Periodo_5",NA,NA,NA
"2556",1120,"María Luisa Cordero Velásquez","Periodo_6",0.111174591723054,0.0867807781402077,0.0623869645573614
"2557",1158,"Víctor Alejandro Pino Fuentes","Periodo_1",NA,NA,NA
"2558",1158,"Víctor Alejandro Pino Fuentes","Periodo_2",NA,NA,NA
"2559",1158,"Víctor Alejandro Pino Fuentes","Periodo_3",NA,NA,NA
"2560",1158,"Víctor Alejandro Pino Fuentes","Periodo_4",NA,NA,NA
"2561",1158,"Víctor Alejandro Pino Fuentes","Periodo_5",NA,NA,NA
"2562",1158,"Víctor Alejandro Pino Fuentes","Periodo_6",0.0694881846218891,0.0450943710390428,0.0207005574561965
"2563",1184,"Roberto Celedón Fernández","Periodo_1",NA,NA,NA
"2564",1184,"Roberto Celedón Fernández","Periodo_2",NA,NA,NA
"2565",1184,"Roberto Celedón Fernández","Periodo_3",NA,NA,NA
"2566",1184,"Roberto Celedón Fernández","Periodo_4",NA,NA,NA
"2567",1184,"Roberto Celedón Fernández","Periodo_5",NA,NA,NA
"2568",1184,"Roberto Celedón Fernández","Periodo_6",-0.374279676828925,-0.398673490411771,-0.423067303994618
"2569",1185,"Arturo Barrios Oteíza","Periodo_1",NA,NA,NA
"2570",1185,"Arturo Barrios Oteíza","Periodo_2",NA,NA,NA
"2571",1185,"Arturo Barrios Oteíza","Periodo_3",NA,NA,NA
"2572",1185,"Arturo Barrios Oteíza","Periodo_4",NA,NA,NA
"2573",1185,"Arturo Barrios Oteíza","Periodo_5",NA,NA,NA
"2574",1185,"Arturo Barrios Oteíza","Periodo_6",-0.289519802125895,-0.313913615708741,-0.338307429291587
